Workbook

Sheet Dashboard
AA1: 18/09/2026 | AB1: USD
B2: Tỷ giá ngoại tệ | AA2: 17/09/2026 | AB2: EUR
B3: Ngày xem | E3: So sánh với ngày | AA3: 16/09/2026 | AB3: GBP
B4: 18/09/2026 | C4: 📅 ← Chọn ngày | E4: 17/09/2026 | F4: 📅 ← So sánh | AA4: 15/09/2026 | AB4: JPY
AA5: 14/09/2026 | AB5: AUD
B6: Mã ngoại tệ | C6: Tên ngoại tệ | D6: Mua tiền mặt | E6: Mua chuyển khoản | F6: Bán | G6: Bình quân | H6: % Thay đổi | I6: Bán (SS) | J6: Chênh lệch | K6: % So sánh | AA6: 13/09/2026 | AB6: CAD
B7: USD | C7: =IFERROR(INDEX('_RateData'!$C$2:$C$258,MATCH($B$4,'_RateData'!$A$2:$A$258,0)),"-") | D7: =IFERROR(INDEX('_RateData'!$D$2:$D$258,MATCH($B$4,'_RateData'!$A$2:$A$258,0)),"-") | E7: =IFERROR(INDEX('_RateData'!$E$2:$E$258,MATCH($B$4,'_RateData'!$A$2:$A$258,0)),"-") | F7: =IFERROR(INDEX('_RateData'!$F$2:$F$258,MATCH($B$4,'_RateData'!$A$2:$A$258,0)),"-") | G7: =IFERROR(AVERAGE(E7,F7),"-") | H7: =IFERROR(IF(AND(ISNUMBER(F7),ISNUMBER(I7),I7<>0),(F7-I7)/I7*100,"-"),"-") | I7: =IFERROR(INDEX('_RateData'!$F$2:$F$258,MATCH($E$4,'_RateData'!$A$2:$A$258,0)),"-") | J7: =IFERROR(IF(AND(ISNUMBER(F7),ISNUMBER(I7)),F7-I7,"-"),"-") | K7: =IFERROR(IF(AND(ISNUMBER(F7),ISNUMBER(I7),I7<>0),(F7-I7)/I7*100,"-"),"-") | AA7: 12/09/2026 | AB7: CHF
B8: EUR | C8: =IFERROR(INDEX('_RateData'!$G$2:$G$258,MATCH($B$4,'_RateData'!$A$2:$A$258,0)),"-") | D8: =IFERROR(INDEX('_RateData'!$H$2:$H$258,MATCH($B$4,'_RateData'!$A$2:$A$258,0)),"-") | E8: =IFERROR(INDEX('_RateData'!$I$2:$I$258,MATCH($B$4,'_RateData'!$A$2:$A$258,0)),"-") | F8: =IFERROR(INDEX('_RateData'!$J$2:$J$258,MATCH($B$4,'_RateData'!$A$2:$A$258,0)),"-") | G8: =IFERROR(AVERAGE(E8,F8),"-") | H8: =IFERROR(IF(AND(ISNUMBER(F8),ISNUMBER(I8),I8<>0),(F8-I8)/I8*100,"-"),"-") | I8: =IFERROR(INDEX('_RateData'!$J$2:$J$258,MATCH($E$4,'_RateData'!$A$2:$A$258,0)),"-") | J8: =IFERROR(IF(AND(ISNUMBER(F8),ISNUMBER(I8)),F8-I8,"-"),"-") | K8: =IFERROR(IF(AND(ISNUMBER(F8),ISNUMBER(I8),I8<>0),(F8-I8)/I8*100,"-"),"-") | AA8: 11/09/2026 | AB8: SGD
B9: GBP | C9: =IFERROR(INDEX('_RateData'!$K$2:$K$258,MATCH($B$4,'_RateData'!$A$2:$A$258,0)),"-") | D9: =IFERROR(INDEX('_RateData'!$L$2:$L$258,MATCH($B$4,'_RateData'!$A$2:$A$258,0)),"-") | E9: =IFERROR(INDEX('_RateData'!$M$2:$M$258,MATCH($B$4,'_RateData'!$A$2:$A$258,0)),"-") | F9: =IFERROR(INDEX('_RateData'!$N$2:$N$258,MATCH($B$4,'_RateData'!$A$2:$A$258,0)),"-") | G9: =IFERROR(AVERAGE(E9,F9),"-") | H9: =IFERROR(IF(AND(ISNUMBER(F9),ISNUMBER(I9),I9<>0),(F9-I9)/I9*100,"-"),"-") | I9: =IFERROR(INDEX('_RateData'!$N$2:$N$258,MATCH($E$4,'_RateData'!$A$2:$A$258,0)),"-") | J9: =IFERROR(IF(AND(ISNUMBER(F9),ISNUMBER(I9)),F9-I9,"-"),"-") | K9: =IFERROR(IF(AND(ISNUMBER(F9),ISNUMBER(I9),I9<>0),(F9-I9)/I9*100,"-"),"-") | AA9: 10/09/2026 | AB9: CNY
B10: JPY | C10: =IFERROR(INDEX('_RateData'!$O$2:$O$258,MATCH($B$4,'_RateData'!$A$2:$A$258,0)),"-") | D10: =IFERROR(INDEX('_RateData'!$P$2:$P$258,MATCH($B$4,'_RateData'!$A$2:$A$258,0)),"-") | E10: =IFERROR(INDEX('_RateData'!$Q$2:$Q$258,MATCH($B$4,'_RateData'!$A$2:$A$258,0)),"-") | F10: =IFERROR(INDEX('_RateData'!$R$2:$R$258,MATCH($B$4,'_RateData'!$A$2:$A$258,0)),"-") | G10: =IFERROR(AVERAGE(E10,F10),"-") | H10: =IFERROR(IF(AND(ISNUMBER(F10),ISNUMBER(I10),I10<>0),(F10-I10)/I10*100,"-"),"-") | I10: =IFERROR(INDEX('_RateData'!$R$2:$R$258,MATCH($E$4,'_RateData'!$A$2:$A$258,0)),"-") | J10: =IFERROR(IF(AND(ISNUMBER(F10),ISNUMBER(I10)),F10-I10,"-"),"-") | K10: =IFERROR(IF(AND(ISNUMBER(F10),ISNUMBER(I10),I10<>0),(F10-I10)/I10*100,"-"),"-") | AA10: 09/09/2026 | AB10: HKD
B11: AUD | C11: =IFERROR(INDEX('_RateData'!$S$2:$S$258,MATCH($B$4,'_RateData'!$A$2:$A$258,0)),"-") | D11: =IFERROR(INDEX('_RateData'!$T$2:$T$258,MATCH($B$4,'_RateData'!$A$2:$A$258,0)),"-") | E11: =IFERROR(INDEX('_RateData'!$U$2:$U$258,MATCH($B$4,'_RateData'!$A$2:$A$258,0)),"-") | F11: =IFERROR(INDEX('_RateData'!$V$2:$V$258,MATCH($B$4,'_RateData'!$A$2:$A$258,0)),"-") | G11: =IFERROR(AVERAGE(E11,F11),"-") | H11: =IFERROR(IF(AND(ISNUMBER(F11),ISNUMBER(I11),I11<>0),(F11-I11)/I11*100,"-"),"-") | I11: =IFERROR(INDEX('_RateData'!$V$2:$V$258,MATCH($E$4,'_RateData'!$A$2:$A$258,0)),"-") | J11: =IFERROR(IF(AND(ISNUMBER(F11),ISNUMBER(I11)),F11-I11,"-"),"-") | K11: =IFERROR(IF(AND(ISNUMBER(F11),ISNUMBER(I11),I11<>0),(F11-I11)/I11*100,"-"),"-") | AA11: 08/09/2026 | AB11: THB
B12: CAD | C12: =IFERROR(INDEX('_RateData'!$W$2:$W$258,MATCH($B$4,'_RateData'!$A$2:$A$258,0)),"-") | D12: =IFERROR(INDEX('_RateData'!$X$2:$X$258,MATCH($B$4,'_RateData'!$A$2:$A$258,0)),"-") | E12: =IFERROR(INDEX('_RateData'!$Y$2:$Y$258,MATCH($B$4,'_RateData'!$A$2:$A$258,0)),"-") | F12: =IFERROR(INDEX('_RateData'!$Z$2:$Z$258,MATCH($B$4,'_RateData'!$A$2:$A$258,0)),"-") | G12: =IFERROR(AVERAGE(E12,F12),"-") | H12: =IFERROR(IF(AND(ISNUMBER(F12),ISNUMBER(I12),I12<>0),(F12-I12)/I12*100,"-"),"-") | I12: =IFERROR(INDEX('_RateData'!$Z$2:$Z$258,MATCH($E$4,'_RateData'!$A$2:$A$258,0)),"-") | J12: =IFERROR(IF(AND(ISNUMBER(F12),ISNUMBER(I12)),F12-I12,"-"),"-") | K12: =IFERROR(IF(AND(ISNUMBER(F12),ISNUMBER(I12),I12<>0),(F12-I12)/I12*100,"-"),"-") | AA12: 07/09/2026 | AB12: KRW
B13: CHF | C13: =IFERROR(INDEX('_RateData'!$AA$2:$AA$258,MATCH($B$4,'_RateData'!$A$2:$A$258,0)),"-") | D13: =IFERROR(INDEX('_RateData'!$AB$2:$AB$258,MATCH($B$4,'_RateData'!$A$2:$A$258,0)),"-") | E13: =IFERROR(INDEX('_RateData'!$AC$2:$AC$258,MATCH($B$4,'_RateData'!$A$2:$A$258,0)),"-") | F13: =IFERROR(INDEX('_RateData'!$AD$2:$AD$258,MATCH($B$4,'_RateData'!$A$2:$A$258,0)),"-") | G13: =IFERROR(AVERAGE(E13,F13),"-") | H13: =IFERROR(IF(AND(ISNUMBER(F13),ISNUMBER(I13),I13<>0),(F13-I13)/I13*100,"-"),"-") | I13: =IFERROR(INDEX('_RateData'!$AD$2:$AD$258,MATCH($E$4,'_RateData'!$A$2:$A$258,0)),"-") | J13: =IFERROR(IF(AND(ISNUMBER(F13),ISNUMBER(I13)),F13-I13,"-"),"-") | K13: =IFERROR(IF(AND(ISNUMBER(F13),ISNUMBER(I13),I13<>0),(F13-I13)/I13*100,"-"),"-") | AA13: 06/09/2026 | AB13: MYR
B14: SGD | C14: =IFERROR(INDEX('_RateData'!$AE$2:$AE$258,MATCH($B$4,'_RateData'!$A$2:$A$258,0)),"-") | D14: =IFERROR(INDEX('_RateData'!$AF$2:$AF$258,MATCH($B$4,'_RateData'!$A$2:$A$258,0)),"-") | E14: =IFERROR(INDEX('_RateData'!$AG$2:$AG$258,MATCH($B$4,'_RateData'!$A$2:$A$258,0)),"-") | F14: =IFERROR(INDEX('_RateData'!$AH$2:$AH$258,MATCH($B$4,'_RateData'!$A$2:$A$258,0)),"-") | G14: =IFERROR(AVERAGE(E14,F14),"-") | H14: =IFERROR(IF(AND(ISNUMBER(F14),ISNUMBER(I14),I14<>0),(F14-I14)/I14*100,"-"),"-") | I14: =IFERROR(INDEX('_RateData'!$AH$2:$AH$258,MATCH($E$4,'_RateData'!$A$2:$A$258,0)),"-") | J14: =IFERROR(IF(AND(ISNUMBER(F14),ISNUMBER(I14)),F14-I14,"-"),"-") | K14: =IFERROR(IF(AND(ISNUMBER(F14),ISNUMBER(I14),I14<>0),(F14-I14)/I14*100,"-"),"-") | AA14: 05/09/2026 | AB14: INR
B15: CNY | C15: =IFERROR(INDEX('_RateData'!$AI$2:$AI$258,MATCH($B$4,'_RateData'!$A$2:$A$258,0)),"-") | D15: =IFERROR(INDEX('_RateData'!$AJ$2:$AJ$258,MATCH($B$4,'_RateData'!$A$2:$A$258,0)),"-") | E15: =IFERROR(INDEX('_RateData'!$AK$2:$AK$258,MATCH($B$4,'_RateData'!$A$2:$A$258,0)),"-") | F15: =IFERROR(INDEX('_RateData'!$AL$2:$AL$258,MATCH($B$4,'_RateData'!$A$2:$A$258,0)),"-") | G15: =IFERROR(AVERAGE(E15,F15),"-") | H15: =IFERROR(IF(AND(ISNUMBER(F15),ISNUMBER(I15),I15<>0),(F15-I15)/I15*100,"-"),"-") | I15: =IFERROR(INDEX('_RateData'!$AL$2:$AL$258,MATCH($E$4,'_RateData'!$A$2:$A$258,0)),"-") | J15: =IFERROR(IF(AND(ISNUMBER(F15),ISNUMBER(I15)),F15-I15,"-"),"-") | K15: =IFERROR(IF(AND(ISNUMBER(F15),ISNUMBER(I15),I15<>0),(F15-I15)/I15*100,"-"),"-") | AA15: 04/09/2026 | AB15: KWD
B16: HKD | C16: =IFERROR(INDEX('_RateData'!$AM$2:$AM$258,MATCH($B$4,'_RateData'!$A$2:$A$258,0)),"-") | D16: =IFERROR(INDEX('_RateData'!$AN$2:$AN$258,MATCH($B$4,'_RateData'!$A$2:$A$258,0)),"-") | E16: =IFERROR(INDEX('_RateData'!$AO$2:$AO$258,MATCH($B$4,'_RateData'!$A$2:$A$258,0)),"-") | F16: =IFERROR(INDEX('_RateData'!$AP$2:$AP$258,MATCH($B$4,'_RateData'!$A$2:$A$258,0)),"-") | G16: =IFERROR(AVERAGE(E16,F16),"-") | H16: =IFERROR(IF(AND(ISNUMBER(F16),ISNUMBER(I16),I16<>0),(F16-I16)/I16*100,"-"),"-") | I16: =IFERROR(INDEX('_RateData'!$AP$2:$AP$258,MATCH($E$4,'_RateData'!$A$2:$A$258,0)),"-") | J16: =IFERROR(IF(AND(ISNUMBER(F16),ISNUMBER(I16)),F16-I16,"-"),"-") | K16: =IFERROR(IF(AND(ISNUMBER(F16),ISNUMBER(I16),I16<>0),(F16-I16)/I16*100,"-"),"-") | AA16: 03/09/2026 | AB16: SAR
B17: THB | C17: =IFERROR(INDEX('_RateData'!$AQ$2:$AQ$258,MATCH($B$4,'_RateData'!$A$2:$A$258,0)),"-") | D17: =IFERROR(INDEX('_RateData'!$AR$2:$AR$258,MATCH($B$4,'_RateData'!$A$2:$A$258,0)),"-") | E17: =IFERROR(INDEX('_RateData'!$AS$2:$AS$258,MATCH($B$4,'_RateData'!$A$2:$A$258,0)),"-") | F17: =IFERROR(INDEX('_RateData'!$AT$2:$AT$258,MATCH($B$4,'_RateData'!$A$2:$A$258,0)),"-") | G17: =IFERROR(AVERAGE(E17,F17),"-") | H17: =IFERROR(IF(AND(ISNUMBER(F17),ISNUMBER(I17),I17<>0),(F17-I17)/I17*100,"-"),"-") | I17: =IFERROR(INDEX('_RateData'!$AT$2:$AT$258,MATCH($E$4,'_RateData'!$A$2:$A$258,0)),"-") | J17: =IFERROR(IF(AND(ISNUMBER(F17),ISNUMBER(I17)),F17-I17,"-"),"-") | K17: =IFERROR(IF(AND(ISNUMBER(F17),ISNUMBER(I17),I17<>0),(F17-I17)/I17*100,"-"),"-") | AA17: 02/09/2026 | AB17: NOK
B18: KRW | C18: =IFERROR(INDEX('_RateData'!$AU$2:$AU$258,MATCH($B$4,'_RateData'!$A$2:$A$258,0)),"-") | D18: =IFERROR(INDEX('_RateData'!$AV$2:$AV$258,MATCH($B$4,'_RateData'!$A$2:$A$258,0)),"-") | E18: =IFERROR(INDEX('_RateData'!$AW$2:$AW$258,MATCH($B$4,'_RateData'!$A$2:$A$258,0)),"-") | F18: =IFERROR(INDEX('_RateData'!$AX$2:$AX$258,MATCH($B$4,'_RateData'!$A$2:$A$258,0)),"-") | G18: =IFERROR(AVERAGE(E18,F18),"-") | H18: =IFERROR(IF(AND(ISNUMBER(F18),ISNUMBER(I18),I18<>0),(F18-I18)/I18*100,"-"),"-") | I18: =IFERROR(INDEX('_RateData'!$AX$2:$AX$258,MATCH($E$4,'_RateData'!$A$2:$A$258,0)),"-") | J18: =IFERROR(IF(AND(ISNUMBER(F18),ISNUMBER(I18)),F18-I18,"-"),"-") | K18: =IFERROR(IF(AND(ISNUMBER(F18),ISNUMBER(I18),I18<>0),(F18-I18)/I18*100,"-"),"-") | AA18: 01/09/2026 | AB18: SEK
B19: MYR | C19: =IFERROR(INDEX('_RateData'!$AY$2:$AY$258,MATCH($B$4,'_RateData'!$A$2:$A$258,0)),"-") | D19: =IFERROR(INDEX('_RateData'!$AZ$2:$AZ$258,MATCH($B$4,'_RateData'!$A$2:$A$258,0)),"-") | E19: =IFERROR(INDEX('_RateData'!$BA$2:$BA$258,MATCH($B$4,'_RateData'!$A$2:$A$258,0)),"-") | F19: =IFERROR(INDEX('_RateData'!$BB$2:$BB$258,MATCH($B$4,'_RateData'!$A$2:$A$258,0)),"-") | G19: =IFERROR(AVERAGE(E19,F19),"-") | H19: =IFERROR(IF(AND(ISNUMBER(F19),ISNUMBER(I19),I19<>0),(F19-I19)/I19*100,"-"),"-") | I19: =IFERROR(INDEX('_RateData'!$BB$2:$BB$258,MATCH($E$4,'_RateData'!$A$2:$A$258,0)),"-") | J19: =IFERROR(IF(AND(ISNUMBER(F19),ISNUMBER(I19)),F19-I19,"-"),"-") | K19: =IFERROR(IF(AND(ISNUMBER(F19),ISNUMBER(I19),I19<>0),(F19-I19)/I19*100,"-"),"-") | AA19: 31/08/2026 | AB19: DKK
B20: INR | C20: =IFERROR(INDEX('_RateData'!$BC$2:$BC$258,MATCH($B$4,'_RateData'!$A$2:$A$258,0)),"-") | D20: =IFERROR(INDEX('_RateData'!$BD$2:$BD$258,MATCH($B$4,'_RateData'!$A$2:$A$258,0)),"-") | E20: =IFERROR(INDEX('_RateData'!$BE$2:$BE$258,MATCH($B$4,'_RateData'!$A$2:$A$258,0)),"-") | F20: =IFERROR(INDEX('_RateData'!$BF$2:$BF$258,MATCH($B$4,'_RateData'!$A$2:$A$258,0)),"-") | G20: =IFERROR(AVERAGE(E20,F20),"-") | H20: =IFERROR(IF(AND(ISNUMBER(F20),ISNUMBER(I20),I20<>0),(F20-I20)/I20*100,"-"),"-") | I20: =IFERROR(INDEX('_RateData'!$BF$2:$BF$258,MATCH($E$4,'_RateData'!$A$2:$A$258,0)),"-") | J20: =IFERROR(IF(AND(ISNUMBER(F20),ISNUMBER(I20)),F20-I20,"-"),"-") | K20: =IFERROR(IF(AND(ISNUMBER(F20),ISNUMBER(I20),I20<>0),(F20-I20)/I20*100,"-"),"-") | AA20: 30/08/2026 | AB20: RUB
B21: KWD | C21: =IFERROR(INDEX('_RateData'!$BG$2:$BG$258,MATCH($B$4,'_RateData'!$A$2:$A$258,0)),"-") | D21: =IFERROR(INDEX('_RateData'!$BH$2:$BH$258,MATCH($B$4,'_RateData'!$A$2:$A$258,0)),"-") | E21: =IFERROR(INDEX('_RateData'!$BI$2:$BI$258,MATCH($B$4,'_RateData'!$A$2:$A$258,0)),"-") | F21: =IFERROR(INDEX('_RateData'!$BJ$2:$BJ$258,MATCH($B$4,'_RateData'!$A$2:$A$258,0)),"-") | G21: =IFERROR(AVERAGE(E21,F21),"-") | H21: =IFERROR(IF(AND(ISNUMBER(F21),ISNUMBER(I21),I21<>0),(F21-I21)/I21*100,"-"),"-") | I21: =IFERROR(INDEX('_RateData'!$BJ$2:$BJ$258,MATCH($E$4,'_RateData'!$A$2:$A$258,0)),"-") | J21: =IFERROR(IF(AND(ISNUMBER(F21),ISNUMBER(I21)),F21-I21,"-"),"-") | K21: =IFERROR(IF(AND(ISNUMBER(F21),ISNUMBER(I21),I21<>0),(F21-I21)/I21*100,"-"),"-") | AA21: 29/08/2026
B22: SAR | C22: =IFERROR(INDEX('_RateData'!$BK$2:$BK$258,MATCH($B$4,'_RateData'!$A$2:$A$258,0)),"-") | D22: =IFERROR(INDEX('_RateData'!$BL$2:$BL$258,MATCH($B$4,'_RateData'!$A$2:$A$258,0)),"-") | E22: =IFERROR(INDEX('_RateData'!$BM$2:$BM$258,MATCH($B$4,'_RateData'!$A$2:$A$258,0)),"-") | F22: =IFERROR(INDEX('_RateData'!$BN$2:$BN$258,MATCH($B$4,'_RateData'!$A$2:$A$258,0)),"-") | G22: =IFERROR(AVERAGE(E22,F22),"-") | H22: =IFERROR(IF(AND(ISNUMBER(F22),ISNUMBER(I22),I22<>0),(F22-I22)/I22*100,"-"),"-") | I22: =IFERROR(INDEX('_RateData'!$BN$2:$BN$258,MATCH($E$4,'_RateData'!$A$2:$A$258,0)),"-") | J22: =IFERROR(IF(AND(ISNUMBER(F22),ISNUMBER(I22)),F22-I22,"-"),"-") | K22: =IFERROR(IF(AND(ISNUMBER(F22),ISNUMBER(I22),I22<>0),(F22-I22)/I22*100,"-"),"-") | AA22: 28/08/2026
B23: NOK | C23: =IFERROR(INDEX('_RateData'!$BO$2:$BO$258,MATCH($B$4,'_RateData'!$A$2:$A$258,0)),"-") | D23: =IFERROR(INDEX('_RateData'!$BP$2:$BP$258,MATCH($B$4,'_RateData'!$A$2:$A$258,0)),"-") | E23: =IFERROR(INDEX('_RateData'!$BQ$2:$BQ$258,MATCH($B$4,'_RateData'!$A$2:$A$258,0)),"-") | F23: =IFERROR(INDEX('_RateData'!$BR$2:$BR$258,MATCH($B$4,'_RateData'!$A$2:$A$258,0)),"-") | G23: =IFERROR(AVERAGE(E23,F23),"-") | H23: =IFERROR(IF(AND(ISNUMBER(F23),ISNUMBER(I23),I23<>0),(F23-I23)/I23*100,"-"),"-") | I23: =IFERROR(INDEX('_RateData'!$BR$2:$BR$258,MATCH($E$4,'_RateData'!$A$2:$A$258,0)),"-") | J23: =IFERROR(IF(AND(ISNUMBER(F23),ISNUMBER(I23)),F23-I23,"-"),"-") | K23: =IFERROR(IF(AND(ISNUMBER(F23),ISNUMBER(I23),I23<>0),(F23-I23)/I23*100,"-"),"-") | AA23: 27/08/2026
B24: SEK | C24: =IFERROR(INDEX('_RateData'!$BS$2:$BS$258,MATCH($B$4,'_RateData'!$A$2:$A$258,0)),"-") | D24: =IFERROR(INDEX('_RateData'!$BT$2:$BT$258,MATCH($B$4,'_RateData'!$A$2:$A$258,0)),"-") | E24: =IFERROR(INDEX('_RateData'!$BU$2:$BU$258,MATCH($B$4,'_RateData'!$A$2:$A$258,0)),"-") | F24: =IFERROR(INDEX('_RateData'!$BV$2:$BV$258,MATCH($B$4,'_RateData'!$A$2:$A$258,0)),"-") | G24: =IFERROR(AVERAGE(E24,F24),"-") | H24: =IFERROR(IF(AND(ISNUMBER(F24),ISNUMBER(I24),I24<>0),(F24-I24)/I24*100,"-"),"-") | I24: =IFERROR(INDEX('_RateData'!$BV$2:$BV$258,MATCH($E$4,'_RateData'!$A$2:$A$258,0)),"-") | J24: =IFERROR(IF(AND(ISNUMBER(F24),ISNUMBER(I24)),F24-I24,"-"),"-") | K24: =IFERROR(IF(AND(ISNUMBER(F24),ISNUMBER(I24),I24<>0),(F24-I24)/I24*100,"-"),"-") | AA24: 26/08/2026
B25: DKK | C25: =IFERROR(INDEX('_RateData'!$BW$2:$BW$258,MATCH($B$4,'_RateData'!$A$2:$A$258,0)),"-") | D25: =IFERROR(INDEX('_RateData'!$BX$2:$BX$258,MATCH($B$4,'_RateData'!$A$2:$A$258,0)),"-") | E25: =IFERROR(INDEX('_RateData'!$BY$2:$BY$258,MATCH($B$4,'_RateData'!$A$2:$A$258,0)),"-") | F25: =IFERROR(INDEX('_RateData'!$BZ$2:$BZ$258,MATCH($B$4,'_RateData'!$A$2:$A$258,0)),"-") | G25: =IFERROR(AVERAGE(E25,F25),"-") | H25: =IFERROR(IF(AND(ISNUMBER(F25),ISNUMBER(I25),I25<>0),(F25-I25)/I25*100,"-"),"-") | I25: =IFERROR(INDEX('_RateData'!$BZ$2:$BZ$258,MATCH($E$4,'_RateData'!$A$2:$A$258,0)),"-") | J25: =IFERROR(IF(AND(ISNUMBER(F25),ISNUMBER(I25)),F25-I25,"-"),"-") | K25: =IFERROR(IF(AND(ISNUMBER(F25),ISNUMBER(I25),I25<>0),(F25-I25)/I25*100,"-"),"-") | AA25: 25/08/2026
B26: RUB | C26: =IFERROR(INDEX('_RateData'!$CA$2:$CA$258,MATCH($B$4,'_RateData'!$A$2:$A$258,0)),"-") | D26: =IFERROR(INDEX('_RateData'!$CB$2:$CB$258,MATCH($B$4,'_RateData'!$A$2:$A$258,0)),"-") | E26: =IFERROR(INDEX('_RateData'!$CC$2:$CC$258,MATCH($B$4,'_RateData'!$A$2:$A$258,0)),"-") | F26: =IFERROR(INDEX('_RateData'!$CD$2:$CD$258,MATCH($B$4,'_RateData'!$A$2:$A$258,0)),"-") | G26: =IFERROR(AVERAGE(E26,F26),"-") | H26: =IFERROR(IF(AND(ISNUMBER(F26),ISNUMBER(I26),I26<>0),(F26-I26)/I26*100,"-"),"-") | I26: =IFERROR(INDEX('_RateData'!$CD$2:$CD$258,MATCH($E$4,'_RateData'!$A$2:$A$258,0)),"-") | J26: =IFERROR(IF(AND(ISNUMBER(F26),ISNUMBER(I26)),F26-I26,"-"),"-") | K26: =IFERROR(IF(AND(ISNUMBER(F26),ISNUMBER(I26),I26<>0),(F26-I26)/I26*100,"-"),"-") | AA26: 24/08/2026
AA27: 23/08/2026
AA28: 22/08/2026
B29: 📈 Biểu đồ biến động tỷ giá (TB tháng) | AA29: 21/08/2026
B30: Chọn ngoại tệ: | C30: USD | AA30: 20/08/2026
AA31: 19/08/2026
B32: Tháng | C32: Giá Bán (TB) | AA32: 18/08/2026
B33: 2026-01 | C33: =IFERROR(INDEX('_ChartData'!$A$2:$U$2,1,MATCH($C$30,'_ChartData'!$B$1:$U$1,0)),"-") | AA33: 17/08/2026
B34: 2026-02 | C34: =IFERROR(INDEX('_ChartData'!$A$3:$U$3,1,MATCH($C$30,'_ChartData'!$B$1:$U$1,0)),"-") | AA34: 16/08/2026
B35: 2026-03 | C35: =IFERROR(INDEX('_ChartData'!$A$4:$U$4,1,MATCH($C$30,'_ChartData'!$B$1:$U$1,0)),"-") | AA35: 15/08/2026
B36: 2026-04 | C36: =IFERROR(INDEX('_ChartData'!$A$5:$U$5,1,MATCH($C$30,'_ChartData'!$B$1:$U$1,0)),"-") | AA36: 14/08/2026
B37: 2026-05 | C37: =IFERROR(INDEX('_ChartData'!$A$6:$U$6,1,MATCH($C$30,'_ChartData'!$B$1:$U$1,0)),"-") | AA37: 13/08/2026
B38: 2026-06 | C38: =IFERROR(INDEX('_ChartData'!$A$7:$U$7,1,MATCH($C$30,'_ChartData'!$B$1:$U$1,0)),"-") | AA38: 12/08/2026
B39: 2026-07 | C39: =IFERROR(INDEX('_ChartData'!$A$8:$U$8,1,MATCH($C$30,'_ChartData'!$B$1:$U$1,0)),"-") | AA39: 11/08/2026
B40: 2026-08 | C40: =IFERROR(INDEX('_ChartData'!$A$9:$U$9,1,MATCH($C$30,'_ChartData'!$B$1:$U$1,0)),"-") | AA40: 10/08/2026
B41: 2026-09 | C41: =IFERROR(INDEX('_ChartData'!$A$10:$U$10,1,MATCH($C$30,'_ChartData'!$B$1:$U$1,0)),"-") | AA41: 09/08/2026
AA42: 08/08/2026
AA43: 07/08/2026
AA44: 06/08/2026
AA45: 05/08/2026
AA46: 04/08/2026
AA47: 03/08/2026
AA48: 02/08/2026
AA49: 01/08/2026
AA50: 31/07/2026
AA51: 30/07/2026
AA52: 29/07/2026
AA53: 28/07/2026
... AA58: 23/07/2026
B59: 🔗 Liên Kết Phân Tích Tỷ Giá USD/VND | AA59: 22/07/2026
B60: Investing.com - USD/VND Phân tích kỹ thuật | AA60: 21/07/2026
B61: Vietstock - Tin tức Ngoại Tệ chuyên sâu | AA61: 20/07/2026
B62: TradingView - Biểu đồ USD/VND | AA62: 19/07/2026
AA63: 18/07/2026
B64: Nguồn: Ngân hàng TMCP Ngoại thương Việt Nam (Vietcombank) | AA64: 17/07/2026
AA65: 16/07/2026
AA66: 15/07/2026
AA67: 14/07/2026
AA68: 13/07/2026
AA69: 12/07/2026
AA70: 11/07/2026
AA71: 10/07/2026
AA72: 09/07/2026
AA73: 08/07/2026
AA74: 07/07/2026
AA75: 06/07/2026
AA76: 05/07/2026
... AA257: 01/01/2026

Sheet TheoDoi_USD
AA1: 18/09/2026
B2: BẢNG ĐIỀU HÀNH TỶ GIÁ USD/VND (EXECUTIVE DASHBOARD) | AA2: 17/09/2026
B3: Theo dõi, phân tích và so sánh biến động tỷ giá giữa 15 ngân hàng thương mại hàng đầu Việt Nam | AA3: 16/09/2026
B4: 18/09/2026 | C4: 📅 Ngày xem tỷ giá | E4: 17/09/2026 | F4: 📅 So sánh với ngày | H4: 🏛️ Quy mô: 15 Ngân hàng | AA4: 15/09/2026
AA5: 14/09/2026
B6: 🏆 BÁN THẤP NHẤT (MUA TỐT) | D6: 💰 MUA TIỀN MẶT CAO NHẤT | F6: 💳 MUA CHUYỂN KHOẢN CAO NHẤT | H6: 📊 SPREAD MUA - BÁN TB | AA6: 13/09/2026
B7: =MIN(E12:E26) | D7: =MAX(C12:C26) | F7: =MAX(D12:D26) | H7: =AVERAGE(F12:F26) | AA7: 12/09/2026
B8: =CONCATENATE("Tại: ", INDEX(B12:B26, MATCH(MIN(E12:E26), E12:E26, 0))) | D8: =CONCATENATE("Tại: ", INDEX(B12:B26, MATCH(MAX(C12:C26), C12:C26, 0))) | F8: =CONCATENATE("Tại: ", INDEX(B12:B26, MATCH(MAX(D12:D26), D12:D26, 0))) | H8: Chênh lệch trung bình thị trường | AA8: 11/09/2026
AA9: 10/09/2026
B10: 📋 MA TRẬN SO SÁNH TỶ GIÁ CHI TIẾT 15 NGÂN HÀNG | AA10: 09/09/2026
B11: Ngân hàng | C11: Mua tiền mặt | D11: Mua chuyển khoản | E11: Bán | F11: Chênh lệch Mua-Bán | G11: Bán (SS) | H11: Chênh lệch | I11: % So sánh | AA11: 08/09/2026
B12: Vietcombank | C12: =IF(SUMIFS(Data_TheoDoi_USD!$C$2:$C$10000, Data_TheoDoi_USD!$A$2:$A$10000, $B$4, Data_TheoDoi_USD!$B$2:$B$10000, $B12)=0, "-", SUMIFS(Data_TheoDoi_USD!$C$2:$C$10000, Data_TheoDoi_USD!$A$2:$A$10000, $B$4, Data_TheoDoi_USD!$B$2:$B$10000, $B12)) | D12: =IF(SUMIFS(Data_TheoDoi_USD!$D$2:$D$10000, Data_TheoDoi_USD!$A$2:$A$10000, $B$4, Data_TheoDoi_USD!$B$2:$B$10000, $B12)=0, "-", SUMIFS(Data_TheoDoi_USD!$D$2:$D$10000, Data_TheoDoi_USD!$A$2:$A$10000, $B$4, Data_TheoDoi_USD!$B$2:$B$10000, $B12)) | E12: =IF(SUMIFS(Data_TheoDoi_USD!$E$2:$E$10000, Data_TheoDoi_USD!$A$2:$A$10000, $B$4, Data_TheoDoi_USD!$B$2:$B$10000, $B12)=0, "-", SUMIFS(Data_TheoDoi_USD!$E$2:$E$10000, Data_TheoDoi_USD!$A$2:$A$10000, $B$4, Data_TheoDoi_USD!$B$2:$B$10000, $B12)) | F12: =IF(AND(ISNUMBER(E12), ISNUMBER(D12)), E12-D12, "-") | G12: =IF(SUMIFS(Data_TheoDoi_USD!$E$2:$E$10000, Data_TheoDoi_USD!$A$2:$A$10000, $E$4, Data_TheoDoi_USD!$B$2:$B$10000, $B12)=0, "-", SUMIFS(Data_TheoDoi_USD!$E$2:$E$10000, Data_TheoDoi_USD!$A$2:$A$10000, $E$4, Data_TheoDoi_USD!$B$2:$B$10000, $B12)) | H12: =IF(AND(ISNUMBER(E12), ISNUMBER(G12)), E12-G12, "-") | I12: =IF(AND(ISNUMBER(E12), ISNUMBER(G12), G12<>0), (E12-G12)/G12*100, "-") | AA12: 07/09/2026
B13: VietinBank | C13: =IF(SUMIFS(Data_TheoDoi_USD!$C$2:$C$10000, Data_TheoDoi_USD!$A$2:$A$10000, $B$4, Data_TheoDoi_USD!$B$2:$B$10000, $B13)=0, "-", SUMIFS(Data_TheoDoi_USD!$C$2:$C$10000, Data_TheoDoi_USD!$A$2:$A$10000, $B$4, Data_TheoDoi_USD!$B$2:$B$10000, $B13)) | D13: =IF(SUMIFS(Data_TheoDoi_USD!$D$2:$D$10000, Data_TheoDoi_USD!$A$2:$A$10000, $B$4, Data_TheoDoi_USD!$B$2:$B$10000, $B13)=0, "-", SUMIFS(Data_TheoDoi_USD!$D$2:$D$10000, Data_TheoDoi_USD!$A$2:$A$10000, $B$4, Data_TheoDoi_USD!$B$2:$B$10000, $B13)) | E13: =IF(SUMIFS(Data_TheoDoi_USD!$E$2:$E$10000, Data_TheoDoi_USD!$A$2:$A$10000, $B$4, Data_TheoDoi_USD!$B$2:$B$10000, $B13)=0, "-", SUMIFS(Data_TheoDoi_USD!$E$2:$E$10000, Data_TheoDoi_USD!$A$2:$A$10000, $B$4, Data_TheoDoi_USD!$B$2:$B$10000, $B13)) | F13: =IF(AND(ISNUMBER(E13), ISNUMBER(D13)), E13-D13, "-") | G13: =IF(SUMIFS(Data_TheoDoi_USD!$E$2:$E$10000, Data_TheoDoi_USD!$A$2:$A$10000, $E$4, Data_TheoDoi_USD!$B$2:$B$10000, $B13)=0, "-", SUMIFS(Data_TheoDoi_USD!$E$2:$E$10000, Data_TheoDoi_USD!$A$2:$A$10000, $E$4, Data_TheoDoi_USD!$B$2:$B$10000, $B13)) | H13: =IF(AND(ISNUMBER(E13), ISNUMBER(G13)), E13-G13, "-") | I13: =IF(AND(ISNUMBER(E13), ISNUMBER(G13), G13<>0), (E13-G13)/G13*100, "-") | AA13: 06/09/2026
B14: BIDV | C14: =IF(SUMIFS(Data_TheoDoi_USD!$C$2:$C$10000, Data_TheoDoi_USD!$A$2:$A$10000, $B$4, Data_TheoDoi_USD!$B$2:$B$10000, $B14)=0, "-", SUMIFS(Data_TheoDoi_USD!$C$2:$C$10000, Data_TheoDoi_USD!$A$2:$A$10000, $B$4, Data_TheoDoi_USD!$B$2:$B$10000, $B14)) | D14: =IF(SUMIFS(Data_TheoDoi_USD!$D$2:$D$10000, Data_TheoDoi_USD!$A$2:$A$10000, $B$4, Data_TheoDoi_USD!$B$2:$B$10000, $B14)=0, "-", SUMIFS(Data_TheoDoi_USD!$D$2:$D$10000, Data_TheoDoi_USD!$A$2:$A$10000, $B$4, Data_TheoDoi_USD!$B$2:$B$10000, $B14)) | E14: =IF(SUMIFS(Data_TheoDoi_USD!$E$2:$E$10000, Data_TheoDoi_USD!$A$2:$A$10000, $B$4, Data_TheoDoi_USD!$B$2:$B$10000, $B14)=0, "-", SUMIFS(Data_TheoDoi_USD!$E$2:$E$10000, Data_TheoDoi_USD!$A$2:$A$10000, $B$4, Data_TheoDoi_USD!$B$2:$B$10000, $B14)) | F14: =IF(AND(ISNUMBER(E14), ISNUMBER(D14)), E14-D14, "-") | G14: =IF(SUMIFS(Data_TheoDoi_USD!$E$2:$E$10000, Data_TheoDoi_USD!$A$2:$A$10000, $E$4, Data_TheoDoi_USD!$B$2:$B$10000, $B14)=0, "-", SUMIFS(Data_TheoDoi_USD!$E$2:$E$10000, Data_TheoDoi_USD!$A$2:$A$10000, $E$4, Data_TheoDoi_USD!$B$2:$B$10000, $B14)) | H14: =IF(AND(ISNUMBER(E14), ISNUMBER(G14)), E14-G14, "-") | I14: =IF(AND(ISNUMBER(E14), ISNUMBER(G14), G14<>0), (E14-G14)/G14*100, "-") | AA14: 05/09/2026
B15: Agribank | C15: =IF(SUMIFS(Data_TheoDoi_USD!$C$2:$C$10000, Data_TheoDoi_USD!$A$2:$A$10000, $B$4, Data_TheoDoi_USD!$B$2:$B$10000, $B15)=0, "-", SUMIFS(Data_TheoDoi_USD!$C$2:$C$10000, Data_TheoDoi_USD!$A$2:$A$10000, $B$4, Data_TheoDoi_USD!$B$2:$B$10000, $B15)) | D15: =IF(SUMIFS(Data_TheoDoi_USD!$D$2:$D$10000, Data_TheoDoi_USD!$A$2:$A$10000, $B$4, Data_TheoDoi_USD!$B$2:$B$10000, $B15)=0, "-", SUMIFS(Data_TheoDoi_USD!$D$2:$D$10000, Data_TheoDoi_USD!$A$2:$A$10000, $B$4, Data_TheoDoi_USD!$B$2:$B$10000, $B15)) | E15: =IF(SUMIFS(Data_TheoDoi_USD!$E$2:$E$10000, Data_TheoDoi_USD!$A$2:$A$10000, $B$4, Data_TheoDoi_USD!$B$2:$B$10000, $B15)=0, "-", SUMIFS(Data_TheoDoi_USD!$E$2:$E$10000, Data_TheoDoi_USD!$A$2:$A$10000, $B$4, Data_TheoDoi_USD!$B$2:$B$10000, $B15)) | F15: =IF(AND(ISNUMBER(E15), ISNUMBER(D15)), E15-D15, "-") | G15: =IF(SUMIFS(Data_TheoDoi_USD!$E$2:$E$10000, Data_TheoDoi_USD!$A$2:$A$10000, $E$4, Data_TheoDoi_USD!$B$2:$B$10000, $B15)=0, "-", SUMIFS(Data_TheoDoi_USD!$E$2:$E$10000, Data_TheoDoi_USD!$A$2:$A$10000, $E$4, Data_TheoDoi_USD!$B$2:$B$10000, $B15)) | H15: =IF(AND(ISNUMBER(E15), ISNUMBER(G15)), E15-G15, "-") | I15: =IF(AND(ISNUMBER(E15), ISNUMBER(G15), G15<>0), (E15-G15)/G15*100, "-") | AA15: 04/09/2026
B16: Techcombank | C16: =IF(SUMIFS(Data_TheoDoi_USD!$C$2:$C$10000, Data_TheoDoi_USD!$A$2:$A$10000, $B$4, Data_TheoDoi_USD!$B$2:$B$10000, $B16)=0, "-", SUMIFS(Data_TheoDoi_USD!$C$2:$C$10000, Data_TheoDoi_USD!$A$2:$A$10000, $B$4, Data_TheoDoi_USD!$B$2:$B$10000, $B16)) | D16: =IF(SUMIFS(Data_TheoDoi_USD!$D$2:$D$10000, Data_TheoDoi_USD!$A$2:$A$10000, $B$4, Data_TheoDoi_USD!$B$2:$B$10000, $B16)=0, "-", SUMIFS(Data_TheoDoi_USD!$D$2:$D$10000, Data_TheoDoi_USD!$A$2:$A$10000, $B$4, Data_TheoDoi_USD!$B$2:$B$10000, $B16)) | E16: =IF(SUMIFS(Data_TheoDoi_USD!$E$2:$E$10000, Data_TheoDoi_USD!$A$2:$A$10000, $B$4, Data_TheoDoi_USD!$B$2:$B$10000, $B16)=0, "-", SUMIFS(Data_TheoDoi_USD!$E$2:$E$10000, Data_TheoDoi_USD!$A$2:$A$10000, $B$4, Data_TheoDoi_USD!$B$2:$B$10000, $B16)) | F16: =IF(AND(ISNUMBER(E16), ISNUMBER(D16)), E16-D16, "-") | G16: =IF(SUMIFS(Data_TheoDoi_USD!$E$2:$E$10000, Data_TheoDoi_USD!$A$2:$A$10000, $E$4, Data_TheoDoi_USD!$B$2:$B$10000, $B16)=0, "-", SUMIFS(Data_TheoDoi_USD!$E$2:$E$10000, Data_TheoDoi_USD!$A$2:$A$10000, $E$4, Data_TheoDoi_USD!$B$2:$B$10000, $B16)) | H16: =IF(AND(ISNUMBER(E16), ISNUMBER(G16)), E16-G16, "-") | I16: =IF(AND(ISNUMBER(E16), ISNUMBER(G16), G16<>0), (E16-G16)/G16*100, "-") | AA16: 03/09/2026
B17: ACB | C17: =IF(SUMIFS(Data_TheoDoi_USD!$C$2:$C$10000, Data_TheoDoi_USD!$A$2:$A$10000, $B$4, Data_TheoDoi_USD!$B$2:$B$10000, $B17)=0, "-", SUMIFS(Data_TheoDoi_USD!$C$2:$C$10000, Data_TheoDoi_USD!$A$2:$A$10000, $B$4, Data_TheoDoi_USD!$B$2:$B$10000, $B17)) | D17: =IF(SUMIFS(Data_TheoDoi_USD!$D$2:$D$10000, Data_TheoDoi_USD!$A$2:$A$10000, $B$4, Data_TheoDoi_USD!$B$2:$B$10000, $B17)=0, "-", SUMIFS(Data_TheoDoi_USD!$D$2:$D$10000, Data_TheoDoi_USD!$A$2:$A$10000, $B$4, Data_TheoDoi_USD!$B$2:$B$10000, $B17)) | E17: =IF(SUMIFS(Data_TheoDoi_USD!$E$2:$E$10000, Data_TheoDoi_USD!$A$2:$A$10000, $B$4, Data_TheoDoi_USD!$B$2:$B$10000, $B17)=0, "-", SUMIFS(Data_TheoDoi_USD!$E$2:$E$10000, Data_TheoDoi_USD!$A$2:$A$10000, $B$4, Data_TheoDoi_USD!$B$2:$B$10000, $B17)) | F17: =IF(AND(ISNUMBER(E17), ISNUMBER(D17)), E17-D17, "-") | G17: =IF(SUMIFS(Data_TheoDoi_USD!$E$2:$E$10000, Data_TheoDoi_USD!$A$2:$A$10000, $E$4, Data_TheoDoi_USD!$B$2:$B$10000, $B17)=0, "-", SUMIFS(Data_TheoDoi_USD!$E$2:$E$10000, Data_TheoDoi_USD!$A$2:$A$10000, $E$4, Data_TheoDoi_USD!$B$2:$B$10000, $B17)) | H17: =IF(AND(ISNUMBER(E17), ISNUMBER(G17)), E17-G17, "-") | I17: =IF(AND(ISNUMBER(E17), ISNUMBER(G17), G17<>0), (E17-G17)/G17*100, "-") | AA17: 02/09/2026
B18: Sacombank | C18: =IF(SUMIFS(Data_TheoDoi_USD!$C$2:$C$10000, Data_TheoDoi_USD!$A$2:$A$10000, $B$4, Data_TheoDoi_USD!$B$2:$B$10000, $B18)=0, "-", SUMIFS(Data_TheoDoi_USD!$C$2:$C$10000, Data_TheoDoi_USD!$A$2:$A$10000, $B$4, Data_TheoDoi_USD!$B$2:$B$10000, $B18)) | D18: =IF(SUMIFS(Data_TheoDoi_USD!$D$2:$D$10000, Data_TheoDoi_USD!$A$2:$A$10000, $B$4, Data_TheoDoi_USD!$B$2:$B$10000, $B18)=0, "-", SUMIFS(Data_TheoDoi_USD!$D$2:$D$10000, Data_TheoDoi_USD!$A$2:$A$10000, $B$4, Data_TheoDoi_USD!$B$2:$B$10000, $B18)) | E18: =IF(SUMIFS(Data_TheoDoi_USD!$E$2:$E$10000, Data_TheoDoi_USD!$A$2:$A$10000, $B$4, Data_TheoDoi_USD!$B$2:$B$10000, $B18)=0, "-", SUMIFS(Data_TheoDoi_USD!$E$2:$E$10000, Data_TheoDoi_USD!$A$2:$A$10000, $B$4, Data_TheoDoi_USD!$B$2:$B$10000, $B18)) | F18: =IF(AND(ISNUMBER(E18), ISNUMBER(D18)), E18-D18, "-") | G18: =IF(SUMIFS(Data_TheoDoi_USD!$E$2:$E$10000, Data_TheoDoi_USD!$A$2:$A$10000, $E$4, Data_TheoDoi_USD!$B$2:$B$10000, $B18)=0, "-", SUMIFS(Data_TheoDoi_USD!$E$2:$E$10000, Data_TheoDoi_USD!$A$2:$A$10000, $E$4, Data_TheoDoi_USD!$B$2:$B$10000, $B18)) | H18: =IF(AND(ISNUMBER(E18), ISNUMBER(G18)), E18-G18, "-") | I18: =IF(AND(ISNUMBER(E18), ISNUMBER(G18), G18<>0), (E18-G18)/G18*100, "-") | AA18: 01/09/2026
B19: TPBank | C19: =IF(SUMIFS(Data_TheoDoi_USD!$C$2:$C$10000, Data_TheoDoi_USD!$A$2:$A$10000, $B$4, Data_TheoDoi_USD!$B$2:$B$10000, $B19)=0, "-", SUMIFS(Data_TheoDoi_USD!$C$2:$C$10000, Data_TheoDoi_USD!$A$2:$A$10000, $B$4, Data_TheoDoi_USD!$B$2:$B$10000, $B19)) | D19: =IF(SUMIFS(Data_TheoDoi_USD!$D$2:$D$10000, Data_TheoDoi_USD!$A$2:$A$10000, $B$4, Data_TheoDoi_USD!$B$2:$B$10000, $B19)=0, "-", SUMIFS(Data_TheoDoi_USD!$D$2:$D$10000, Data_TheoDoi_USD!$A$2:$A$10000, $B$4, Data_TheoDoi_USD!$B$2:$B$10000, $B19)) | E19: =IF(SUMIFS(Data_TheoDoi_USD!$E$2:$E$10000, Data_TheoDoi_USD!$A$2:$A$10000, $B$4, Data_TheoDoi_USD!$B$2:$B$10000, $B19)=0, "-", SUMIFS(Data_TheoDoi_USD!$E$2:$E$10000, Data_TheoDoi_USD!$A$2:$A$10000, $B$4, Data_TheoDoi_USD!$B$2:$B$10000, $B19)) | F19: =IF(AND(ISNUMBER(E19), ISNUMBER(D19)), E19-D19, "-") | G19: =IF(SUMIFS(Data_TheoDoi_USD!$E$2:$E$10000, Data_TheoDoi_USD!$A$2:$A$10000, $E$4, Data_TheoDoi_USD!$B$2:$B$10000, $B19)=0, "-", SUMIFS(Data_TheoDoi_USD!$E$2:$E$10000, Data_TheoDoi_USD!$A$2:$A$10000, $E$4, Data_TheoDoi_USD!$B$2:$B$10000, $B19)) | H19: =IF(AND(ISNUMBER(E19), ISNUMBER(G19)), E19-G19, "-") | I19: =IF(AND(ISNUMBER(E19), ISNUMBER(G19), G19<>0), (E19-G19)/G19*100, "-") | AA19: 31/08/2026
B20: VPBank | C20: =IF(SUMIFS(Data_TheoDoi_USD!$C$2:$C$10000, Data_TheoDoi_USD!$A$2:$A$10000, $B$4, Data_TheoDoi_USD!$B$2:$B$10000, $B20)=0, "-", SUMIFS(Data_TheoDoi_USD!$C$2:$C$10000, Data_TheoDoi_USD!$A$2:$A$10000, $B$4, Data_TheoDoi_USD!$B$2:$B$10000, $B20)) | D20: =IF(SUMIFS(Data_TheoDoi_USD!$D$2:$D$10000, Data_TheoDoi_USD!$A$2:$A$10000, $B$4, Data_TheoDoi_USD!$B$2:$B$10000, $B20)=0, "-", SUMIFS(Data_TheoDoi_USD!$D$2:$D$10000, Data_TheoDoi_USD!$A$2:$A$10000, $B$4, Data_TheoDoi_USD!$B$2:$B$10000, $B20)) | E20: =IF(SUMIFS(Data_TheoDoi_USD!$E$2:$E$10000, Data_TheoDoi_USD!$A$2:$A$10000, $B$4, Data_TheoDoi_USD!$B$2:$B$10000, $B20)=0, "-", SUMIFS(Data_TheoDoi_USD!$E$2:$E$10000, Data_TheoDoi_USD!$A$2:$A$10000, $B$4, Data_TheoDoi_USD!$B$2:$B$10000, $B20)) | F20: =IF(AND(ISNUMBER(E20), ISNUMBER(D20)), E20-D20, "-") | G20: =IF(SUMIFS(Data_TheoDoi_USD!$E$2:$E$10000, Data_TheoDoi_USD!$A$2:$A$10000, $E$4, Data_TheoDoi_USD!$B$2:$B$10000, $B20)=0, "-", SUMIFS(Data_TheoDoi_USD!$E$2:$E$10000, Data_TheoDoi_USD!$A$2:$A$10000, $E$4, Data_TheoDoi_USD!$B$2:$B$10000, $B20)) | H20: =IF(AND(ISNUMBER(E20), ISNUMBER(G20)), E20-G20, "-") | I20: =IF(AND(ISNUMBER(E20), ISNUMBER(G20), G20<>0), (E20-G20)/G20*100, "-") | AA20: 30/08/2026
B21: HDBank | C21: =IF(SUMIFS(Data_TheoDoi_USD!$C$2:$C$10000, Data_TheoDoi_USD!$A$2:$A$10000, $B$4, Data_TheoDoi_USD!$B$2:$B$10000, $B21)=0, "-", SUMIFS(Data_TheoDoi_USD!$C$2:$C$10000, Data_TheoDoi_USD!$A$2:$A$10000, $B$4, Data_TheoDoi_USD!$B$2:$B$10000, $B21)) | D21: =IF(SUMIFS(Data_TheoDoi_USD!$D$2:$D$10000, Data_TheoDoi_USD!$A$2:$A$10000, $B$4, Data_TheoDoi_USD!$B$2:$B$10000, $B21)=0, "-", SUMIFS(Data_TheoDoi_USD!$D$2:$D$10000, Data_TheoDoi_USD!$A$2:$A$10000, $B$4, Data_TheoDoi_USD!$B$2:$B$10000, $B21)) | E21: =IF(SUMIFS(Data_TheoDoi_USD!$E$2:$E$10000, Data_TheoDoi_USD!$A$2:$A$10000, $B$4, Data_TheoDoi_USD!$B$2:$B$10000, $B21)=0, "-", SUMIFS(Data_TheoDoi_USD!$E$2:$E$10000, Data_TheoDoi_USD!$A$2:$A$10000, $B$4, Data_TheoDoi_USD!$B$2:$B$10000, $B21)) | F21: =IF(AND(ISNUMBER(E21), ISNUMBER(D21)), E21-D21, "-") | G21: =IF(SUMIFS(Data_TheoDoi_USD!$E$2:$E$10000, Data_TheoDoi_USD!$A$2:$A$10000, $E$4, Data_TheoDoi_USD!$B$2:$B$10000, $B21)=0, "-", SUMIFS(Data_TheoDoi_USD!$E$2:$E$10000, Data_TheoDoi_USD!$A$2:$A$10000, $E$4, Data_TheoDoi_USD!$B$2:$B$10000, $B21)) | H21: =IF(AND(ISNUMBER(E21), ISNUMBER(G21)), E21-G21, "-") | I21: =IF(AND(ISNUMBER(E21), ISNUMBER(G21), G21<>0), (E21-G21)/G21*100, "-") | AA21: 29/08/2026
B22: Eximbank | C22: =IF(SUMIFS(Data_TheoDoi_USD!$C$2:$C$10000, Data_TheoDoi_USD!$A$2:$A$10000, $B$4, Data_TheoDoi_USD!$B$2:$B$10000, $B22)=0, "-", SUMIFS(Data_TheoDoi_USD!$C$2:$C$10000, Data_TheoDoi_USD!$A$2:$A$10000, $B$4, Data_TheoDoi_USD!$B$2:$B$10000, $B22)) | D22: =IF(SUMIFS(Data_TheoDoi_USD!$D$2:$D$10000, Data_TheoDoi_USD!$A$2:$A$10000, $B$4, Data_TheoDoi_USD!$B$2:$B$10000, $B22)=0, "-", SUMIFS(Data_TheoDoi_USD!$D$2:$D$10000, Data_TheoDoi_USD!$A$2:$A$10000, $B$4, Data_TheoDoi_USD!$B$2:$B$10000, $B22)) | E22: =IF(SUMIFS(Data_TheoDoi_USD!$E$2:$E$10000, Data_TheoDoi_USD!$A$2:$A$10000, $B$4, Data_TheoDoi_USD!$B$2:$B$10000, $B22)=0, "-", SUMIFS(Data_TheoDoi_USD!$E$2:$E$10000, Data_TheoDoi_USD!$A$2:$A$10000, $B$4, Data_TheoDoi_USD!$B$2:$B$10000, $B22)) | F22: =IF(AND(ISNUMBER(E22), ISNUMBER(D22)), E22-D22, "-") | G22: =IF(SUMIFS(Data_TheoDoi_USD!$E$2:$E$10000, Data_TheoDoi_USD!$A$2:$A$10000, $E$4, Data_TheoDoi_USD!$B$2:$B$10000, $B22)=0, "-", SUMIFS(Data_TheoDoi_USD!$E$2:$E$10000, Data_TheoDoi_USD!$A$2:$A$10000, $E$4, Data_TheoDoi_USD!$B$2:$B$10000, $B22)) | H22: =IF(AND(ISNUMBER(E22), ISNUMBER(G22)), E22-G22, "-") | I22: =IF(AND(ISNUMBER(E22), ISNUMBER(G22), G22<>0), (E22-G22)/G22*100, "-") | AA22: 28/08/2026
B23: OCB | C23: =IF(SUMIFS(Data_TheoDoi_USD!$C$2:$C$10000, Data_TheoDoi_USD!$A$2:$A$10000, $B$4, Data_TheoDoi_USD!$B$2:$B$10000, $B23)=0, "-", SUMIFS(Data_TheoDoi_USD!$C$2:$C$10000, Data_TheoDoi_USD!$A$2:$A$10000, $B$4, Data_TheoDoi_USD!$B$2:$B$10000, $B23)) | D23: =IF(SUMIFS(Data_TheoDoi_USD!$D$2:$D$10000, Data_TheoDoi_USD!$A$2:$A$10000, $B$4, Data_TheoDoi_USD!$B$2:$B$10000, $B23)=0, "-", SUMIFS(Data_TheoDoi_USD!$D$2:$D$10000, Data_TheoDoi_USD!$A$2:$A$10000, $B$4, Data_TheoDoi_USD!$B$2:$B$10000, $B23)) | E23: =IF(SUMIFS(Data_TheoDoi_USD!$E$2:$E$10000, Data_TheoDoi_USD!$A$2:$A$10000, $B$4, Data_TheoDoi_USD!$B$2:$B$10000, $B23)=0, "-", SUMIFS(Data_TheoDoi_USD!$E$2:$E$10000, Data_TheoDoi_USD!$A$2:$A$10000, $B$4, Data_TheoDoi_USD!$B$2:$B$10000, $B23)) | F23: =IF(AND(ISNUMBER(E23), ISNUMBER(D23)), E23-D23, "-") | G23: =IF(SUMIFS(Data_TheoDoi_USD!$E$2:$E$10000, Data_TheoDoi_USD!$A$2:$A$10000, $E$4, Data_TheoDoi_USD!$B$2:$B$10000, $B23)=0, "-", SUMIFS(Data_TheoDoi_USD!$E$2:$E$10000, Data_TheoDoi_USD!$A$2:$A$10000, $E$4, Data_TheoDoi_USD!$B$2:$B$10000, $B23)) | H23: =IF(AND(ISNUMBER(E23), ISNUMBER(G23)), E23-G23, "-") | I23: =IF(AND(ISNUMBER(E23), ISNUMBER(G23), G23<>0), (E23-G23)/G23*100, "-") | AA23: 27/08/2026
... B26: PVcomBank | C26: =IF(SUMIFS(Data_TheoDoi_USD!$C$2:$C$10000, Data_TheoDoi_USD!$A$2:$A$10000, $B$4, Data_TheoDoi_USD!$B$2:$B$10000, $B26)=0, "-", SUMIFS(Data_TheoDoi_USD!$C$2:$C$10000, Data_TheoDoi_USD!$A$2:$A$10000, $B$4, Data_TheoDoi_USD!$B$2:$B$10000, $B26)) | D26: =IF(SUMIFS(Data_TheoDoi_USD!$D$2:$D$10000, Data_TheoDoi_USD!$A$2:$A$10000, $B$4, Data_TheoDoi_USD!$B$2:$B$10000, $B26)=0, "-", SUMIFS(Data_TheoDoi_USD!$D$2:$D$10000, Data_TheoDoi_USD!$A$2:$A$10000, $B$4, Data_TheoDoi_USD!$B$2:$B$10000, $B26)) | E26: =IF(SUMIFS(Data_TheoDoi_USD!$E$2:$E$10000, Data_TheoDoi_USD!$A$2:$A$10000, $B$4, Data_TheoDoi_USD!$B$2:$B$10000, $B26)=0, "-", SUMIFS(Data_TheoDoi_USD!$E$2:$E$10000, Data_TheoDoi_USD!$A$2:$A$10000, $B$4, Data_TheoDoi_USD!$B$2:$B$10000, $B26)) | F26: =IF(AND(ISNUMBER(E26), ISNUMBER(D26)), E26-D26, "-") | G26: =IF(SUMIFS(Data_TheoDoi_USD!$E$2:$E$10000, Data_TheoDoi_USD!$A$2:$A$10000, $E$4, Data_TheoDoi_USD!$B$2:$B$10000, $B26)=0, "-", SUMIFS(Data_TheoDoi_USD!$E$2:$E$10000, Data_TheoDoi_USD!$A$2:$A$10000, $E$4, Data_TheoDoi_USD!$B$2:$B$10000, $B26)) | H26: =IF(AND(ISNUMBER(E26), ISNUMBER(G26)), E26-G26, "-") | I26: =IF(AND(ISNUMBER(E26), ISNUMBER(G26), G26<>0), (E26-G26)/G26*100, "-") | AA26: 24/08/2026
B27: TRUNG BÌNH THỊ TRƯỜNG | C27: =AVERAGE(C12:C26) | D27: =AVERAGE(D12:D26) | E27: =AVERAGE(E12:E26) | F27: =AVERAGE(F12:F26) | G27: =AVERAGE(G12:G26) | H27: =AVERAGE(H12:H26) | I27: =AVERAGE(I12:I26) | AA27: 23/08/2026
AA28: 22/08/2026
AA29: 21/08/2026
AA30: 20/08/2026
AA31: 19/08/2026
AA32: 18/08/2026
AA33: 17/08/2026
AA34: 16/08/2026
AA35: 15/08/2026
AA36: 14/08/2026
AA37: 13/08/2026
AA38: 12/08/2026
AA39: 11/08/2026
... AA50: 31/07/2026
B51: Nguồn dữ liệu: Vietcombank, VietinBank, BIDV, Agribank (Big 4) và các ngân hàng TMCP hàng đầu Việt Nam | AA51: 30/07/2026
AA52: 29/07/2026
AA53: 28/07/2026
AA54: 27/07/2026
AA55: 26/07/2026
AA56: 25/07/2026
AA57: 24/07/2026
AA58: 23/07/2026
AA59: 22/07/2026
AA60: 21/07/2026
AA61: 20/07/2026
AA62: 19/07/2026
AA63: 18/07/2026
... AA261: 01/01/2026

Sheet TheoDoi_Thang_USD
AA1: 1 | AB1: Vietcombank
B2: BÁO CÁO TỶ GIÁ USD THEO THÁNG | AA2: 2 | AB2: VietinBank
AA3: 3 | AB3: BIDV
B4: Chọn Năm: | C4: 2026 | E4: Chọn Tháng: | F4: 6 | G4: Ngân Hàng: | H4: Vietcombank | AA4: 4 | AB4: Agribank
AA5: 5 | AB5: Techcombank
B6: STT | C6: Ngày theo lịch | D6: Ngày áp dụng | E6: Mua tiền mặt | F6: Mua chuyển khoản | G6: Bán | H6: Bình quân | AA6: 6 | AB6: ACB
B7: =IF(C7<>"", 1, "") | C7: =IF(MONTH(DATE($C$4, $F$4, 1))=$F$4, DATE($C$4, $F$4, 1), "") | D7: =IF(C7<>"", IF(E7<>"-", C7, "-"), "") | E7: =IF(C7<>"", IF(SUMIFS(Data_TheoDoi_USD!$C$2:$C$10000, Data_TheoDoi_USD!$A$2:$A$10000, TEXT(C7, "dd/mm/yyyy"), Data_TheoDoi_USD!$B$2:$B$10000, $H$4)=0, "-", SUMIFS(Data_TheoDoi_USD!$C$2:$C$10000, Data_TheoDoi_USD!$A$2:$A$10000, TEXT(C7, "dd/mm/yyyy"), Data_TheoDoi_USD!$B$2:$B$10000, $H$4)), "") | F7: =IF(C7<>"", IF(SUMIFS(Data_TheoDoi_USD!$D$2:$D$10000, Data_TheoDoi_USD!$A$2:$A$10000, TEXT(C7, "dd/mm/yyyy"), Data_TheoDoi_USD!$B$2:$B$10000, $H$4)=0, "-", SUMIFS(Data_TheoDoi_USD!$D$2:$D$10000, Data_TheoDoi_USD!$A$2:$A$10000, TEXT(C7, "dd/mm/yyyy"), Data_TheoDoi_USD!$B$2:$B$10000, $H$4)), "") | G7: =IF(C7<>"", IF(SUMIFS(Data_TheoDoi_USD!$E$2:$E$10000, Data_TheoDoi_USD!$A$2:$A$10000, TEXT(C7, "dd/mm/yyyy"), Data_TheoDoi_USD!$B$2:$B$10000, $H$4)=0, "-", SUMIFS(Data_TheoDoi_USD!$E$2:$E$10000, Data_TheoDoi_USD!$A$2:$A$10000, TEXT(C7, "dd/mm/yyyy"), Data_TheoDoi_USD!$B$2:$B$10000, $H$4)), "") | H7: =IF(AND(C7<>"", E7<>"-", F7<>"-", G7<>"-"), IFERROR(AVERAGE(F7, G7), "-"), "") | AA7: 7 | AB7: Sacombank
B8: =IF(C8<>"", 2, "") | C8: =IF(MONTH(DATE($C$4, $F$4, 2))=$F$4, DATE($C$4, $F$4, 2), "") | D8: =IF(C8<>"", IF(E8<>"-", C8, "-"), "") | E8: =IF(C8<>"", IF(SUMIFS(Data_TheoDoi_USD!$C$2:$C$10000, Data_TheoDoi_USD!$A$2:$A$10000, TEXT(C8, "dd/mm/yyyy"), Data_TheoDoi_USD!$B$2:$B$10000, $H$4)=0, "-", SUMIFS(Data_TheoDoi_USD!$C$2:$C$10000, Data_TheoDoi_USD!$A$2:$A$10000, TEXT(C8, "dd/mm/yyyy"), Data_TheoDoi_USD!$B$2:$B$10000, $H$4)), "") | F8: =IF(C8<>"", IF(SUMIFS(Data_TheoDoi_USD!$D$2:$D$10000, Data_TheoDoi_USD!$A$2:$A$10000, TEXT(C8, "dd/mm/yyyy"), Data_TheoDoi_USD!$B$2:$B$10000, $H$4)=0, "-", SUMIFS(Data_TheoDoi_USD!$D$2:$D$10000, Data_TheoDoi_USD!$A$2:$A$10000, TEXT(C8, "dd/mm/yyyy"), Data_TheoDoi_USD!$B$2:$B$10000, $H$4)), "") | G8: =IF(C8<>"", IF(SUMIFS(Data_TheoDoi_USD!$E$2:$E$10000, Data_TheoDoi_USD!$A$2:$A$10000, TEXT(C8, "dd/mm/yyyy"), Data_TheoDoi_USD!$B$2:$B$10000, $H$4)=0, "-", SUMIFS(Data_TheoDoi_USD!$E$2:$E$10000, Data_TheoDoi_USD!$A$2:$A$10000, TEXT(C8, "dd/mm/yyyy"), Data_TheoDoi_USD!$B$2:$B$10000, $H$4)), "") | H8: =IF(AND(C8<>"", E8<>"-", F8<>"-", G8<>"-"), IFERROR(AVERAGE(F8, G8), "-"), "") | AA8: 8 | AB8: TPBank
B9: =IF(C9<>"", 3, "") | C9: =IF(MONTH(DATE($C$4, $F$4, 3))=$F$4, DATE($C$4, $F$4, 3), "") | D9: =IF(C9<>"", IF(E9<>"-", C9, "-"), "") | E9: =IF(C9<>"", IF(SUMIFS(Data_TheoDoi_USD!$C$2:$C$10000, Data_TheoDoi_USD!$A$2:$A$10000, TEXT(C9, "dd/mm/yyyy"), Data_TheoDoi_USD!$B$2:$B$10000, $H$4)=0, "-", SUMIFS(Data_TheoDoi_USD!$C$2:$C$10000, Data_TheoDoi_USD!$A$2:$A$10000, TEXT(C9, "dd/mm/yyyy"), Data_TheoDoi_USD!$B$2:$B$10000, $H$4)), "") | F9: =IF(C9<>"", IF(SUMIFS(Data_TheoDoi_USD!$D$2:$D$10000, Data_TheoDoi_USD!$A$2:$A$10000, TEXT(C9, "dd/mm/yyyy"), Data_TheoDoi_USD!$B$2:$B$10000, $H$4)=0, "-", SUMIFS(Data_TheoDoi_USD!$D$2:$D$10000, Data_TheoDoi_USD!$A$2:$A$10000, TEXT(C9, "dd/mm/yyyy"), Data_TheoDoi_USD!$B$2:$B$10000, $H$4)), "") | G9: =IF(C9<>"", IF(SUMIFS(Data_TheoDoi_USD!$E$2:$E$10000, Data_TheoDoi_USD!$A$2:$A$10000, TEXT(C9, "dd/mm/yyyy"), Data_TheoDoi_USD!$B$2:$B$10000, $H$4)=0, "-", SUMIFS(Data_TheoDoi_USD!$E$2:$E$10000, Data_TheoDoi_USD!$A$2:$A$10000, TEXT(C9, "dd/mm/yyyy"), Data_TheoDoi_USD!$B$2:$B$10000, $H$4)), "") | H9: =IF(AND(C9<>"", E9<>"-", F9<>"-", G9<>"-"), IFERROR(AVERAGE(F9, G9), "-"), "") | AA9: 9 | AB9: VPBank
B10: =IF(C10<>"", 4, "") | C10: =IF(MONTH(DATE($C$4, $F$4, 4))=$F$4, DATE($C$4, $F$4, 4), "") | D10: =IF(C10<>"", IF(E10<>"-", C10, "-"), "") | E10: =IF(C10<>"", IF(SUMIFS(Data_TheoDoi_USD!$C$2:$C$10000, Data_TheoDoi_USD!$A$2:$A$10000, TEXT(C10, "dd/mm/yyyy"), Data_TheoDoi_USD!$B$2:$B$10000, $H$4)=0, "-", SUMIFS(Data_TheoDoi_USD!$C$2:$C$10000, Data_TheoDoi_USD!$A$2:$A$10000, TEXT(C10, "dd/mm/yyyy"), Data_TheoDoi_USD!$B$2:$B$10000, $H$4)), "") | F10: =IF(C10<>"", IF(SUMIFS(Data_TheoDoi_USD!$D$2:$D$10000, Data_TheoDoi_USD!$A$2:$A$10000, TEXT(C10, "dd/mm/yyyy"), Data_TheoDoi_USD!$B$2:$B$10000, $H$4)=0, "-", SUMIFS(Data_TheoDoi_USD!$D$2:$D$10000, Data_TheoDoi_USD!$A$2:$A$10000, TEXT(C10, "dd/mm/yyyy"), Data_TheoDoi_USD!$B$2:$B$10000, $H$4)), "") | G10: =IF(C10<>"", IF(SUMIFS(Data_TheoDoi_USD!$E$2:$E$10000, Data_TheoDoi_USD!$A$2:$A$10000, TEXT(C10, "dd/mm/yyyy"), Data_TheoDoi_USD!$B$2:$B$10000, $H$4)=0, "-", SUMIFS(Data_TheoDoi_USD!$E$2:$E$10000, Data_TheoDoi_USD!$A$2:$A$10000, TEXT(C10, "dd/mm/yyyy"), Data_TheoDoi_USD!$B$2:$B$10000, $H$4)), "") | H10: =IF(AND(C10<>"", E10<>"-", F10<>"-", G10<>"-"), IFERROR(AVERAGE(F10, G10), "-"), "") | AA10: 10 | AB10: HDBank
B11: =IF(C11<>"", 5, "") | C11: =IF(MONTH(DATE($C$4, $F$4, 5))=$F$4, DATE($C$4, $F$4, 5), "") | D11: =IF(C11<>"", IF(E11<>"-", C11, "-"), "") | E11: =IF(C11<>"", IF(SUMIFS(Data_TheoDoi_USD!$C$2:$C$10000, Data_TheoDoi_USD!$A$2:$A$10000, TEXT(C11, "dd/mm/yyyy"), Data_TheoDoi_USD!$B$2:$B$10000, $H$4)=0, "-", SUMIFS(Data_TheoDoi_USD!$C$2:$C$10000, Data_TheoDoi_USD!$A$2:$A$10000, TEXT(C11, "dd/mm/yyyy"), Data_TheoDoi_USD!$B$2:$B$10000, $H$4)), "") | F11: =IF(C11<>"", IF(SUMIFS(Data_TheoDoi_USD!$D$2:$D$10000, Data_TheoDoi_USD!$A$2:$A$10000, TEXT(C11, "dd/mm/yyyy"), Data_TheoDoi_USD!$B$2:$B$10000, $H$4)=0, "-", SUMIFS(Data_TheoDoi_USD!$D$2:$D$10000, Data_TheoDoi_USD!$A$2:$A$10000, TEXT(C11, "dd/mm/yyyy"), Data_TheoDoi_USD!$B$2:$B$10000, $H$4)), "") | G11: =IF(C11<>"", IF(SUMIFS(Data_TheoDoi_USD!$E$2:$E$10000, Data_TheoDoi_USD!$A$2:$A$10000, TEXT(C11, "dd/mm/yyyy"), Data_TheoDoi_USD!$B$2:$B$10000, $H$4)=0, "-", SUMIFS(Data_TheoDoi_USD!$E$2:$E$10000, Data_TheoDoi_USD!$A$2:$A$10000, TEXT(C11, "dd/mm/yyyy"), Data_TheoDoi_USD!$B$2:$B$10000, $H$4)), "") | H11: =IF(AND(C11<>"", E11<>"-", F11<>"-", G11<>"-"), IFERROR(AVERAGE(F11, G11), "-"), "") | AA11: 11 | AB11: Eximbank
B12: =IF(C12<>"", 6, "") | C12: =IF(MONTH(DATE($C$4, $F$4, 6))=$F$4, DATE($C$4, $F$4, 6), "") | D12: =IF(C12<>"", IF(E12<>"-", C12, "-"), "") | E12: =IF(C12<>"", IF(SUMIFS(Data_TheoDoi_USD!$C$2:$C$10000, Data_TheoDoi_USD!$A$2:$A$10000, TEXT(C12, "dd/mm/yyyy"), Data_TheoDoi_USD!$B$2:$B$10000, $H$4)=0, "-", SUMIFS(Data_TheoDoi_USD!$C$2:$C$10000, Data_TheoDoi_USD!$A$2:$A$10000, TEXT(C12, "dd/mm/yyyy"), Data_TheoDoi_USD!$B$2:$B$10000, $H$4)), "") | F12: =IF(C12<>"", IF(SUMIFS(Data_TheoDoi_USD!$D$2:$D$10000, Data_TheoDoi_USD!$A$2:$A$10000, TEXT(C12, "dd/mm/yyyy"), Data_TheoDoi_USD!$B$2:$B$10000, $H$4)=0, "-", SUMIFS(Data_TheoDoi_USD!$D$2:$D$10000, Data_TheoDoi_USD!$A$2:$A$10000, TEXT(C12, "dd/mm/yyyy"), Data_TheoDoi_USD!$B$2:$B$10000, $H$4)), "") | G12: =IF(C12<>"", IF(SUMIFS(Data_TheoDoi_USD!$E$2:$E$10000, Data_TheoDoi_USD!$A$2:$A$10000, TEXT(C12, "dd/mm/yyyy"), Data_TheoDoi_USD!$B$2:$B$10000, $H$4)=0, "-", SUMIFS(Data_TheoDoi_USD!$E$2:$E$10000, Data_TheoDoi_USD!$A$2:$A$10000, TEXT(C12, "dd/mm/yyyy"), Data_TheoDoi_USD!$B$2:$B$10000, $H$4)), "") | H12: =IF(AND(C12<>"", E12<>"-", F12<>"-", G12<>"-"), IFERROR(AVERAGE(F12, G12), "-"), "") | AA12: 12 | AB12: OCB
B13: =IF(C13<>"", 7, "") | C13: =IF(MONTH(DATE($C$4, $F$4, 7))=$F$4, DATE($C$4, $F$4, 7), "") | D13: =IF(C13<>"", IF(E13<>"-", C13, "-"), "") | E13: =IF(C13<>"", IF(SUMIFS(Data_TheoDoi_USD!$C$2:$C$10000, Data_TheoDoi_USD!$A$2:$A$10000, TEXT(C13, "dd/mm/yyyy"), Data_TheoDoi_USD!$B$2:$B$10000, $H$4)=0, "-", SUMIFS(Data_TheoDoi_USD!$C$2:$C$10000, Data_TheoDoi_USD!$A$2:$A$10000, TEXT(C13, "dd/mm/yyyy"), Data_TheoDoi_USD!$B$2:$B$10000, $H$4)), "") | F13: =IF(C13<>"", IF(SUMIFS(Data_TheoDoi_USD!$D$2:$D$10000, Data_TheoDoi_USD!$A$2:$A$10000, TEXT(C13, "dd/mm/yyyy"), Data_TheoDoi_USD!$B$2:$B$10000, $H$4)=0, "-", SUMIFS(Data_TheoDoi_USD!$D$2:$D$10000, Data_TheoDoi_USD!$A$2:$A$10000, TEXT(C13, "dd/mm/yyyy"), Data_TheoDoi_USD!$B$2:$B$10000, $H$4)), "") | G13: =IF(C13<>"", IF(SUMIFS(Data_TheoDoi_USD!$E$2:$E$10000, Data_TheoDoi_USD!$A$2:$A$10000, TEXT(C13, "dd/mm/yyyy"), Data_TheoDoi_USD!$B$2:$B$10000, $H$4)=0, "-", SUMIFS(Data_TheoDoi_USD!$E$2:$E$10000, Data_TheoDoi_USD!$A$2:$A$10000, TEXT(C13, "dd/mm/yyyy"), Data_TheoDoi_USD!$B$2:$B$10000, $H$4)), "") | H13: =IF(AND(C13<>"", E13<>"-", F13<>"-", G13<>"-"), IFERROR(AVERAGE(F13, G13), "-"), "") | AB13: SeaBank
B14: =IF(C14<>"", 8, "") | C14: =IF(MONTH(DATE($C$4, $F$4, 8))=$F$4, DATE($C$4, $F$4, 8), "") | D14: =IF(C14<>"", IF(E14<>"-", C14, "-"), "") | E14: =IF(C14<>"", IF(SUMIFS(Data_TheoDoi_USD!$C$2:$C$10000, Data_TheoDoi_USD!$A$2:$A$10000, TEXT(C14, "dd/mm/yyyy"), Data_TheoDoi_USD!$B$2:$B$10000, $H$4)=0, "-", SUMIFS(Data_TheoDoi_USD!$C$2:$C$10000, Data_TheoDoi_USD!$A$2:$A$10000, TEXT(C14, "dd/mm/yyyy"), Data_TheoDoi_USD!$B$2:$B$10000, $H$4)), "") | F14: =IF(C14<>"", IF(SUMIFS(Data_TheoDoi_USD!$D$2:$D$10000, Data_TheoDoi_USD!$A$2:$A$10000, TEXT(C14, "dd/mm/yyyy"), Data_TheoDoi_USD!$B$2:$B$10000, $H$4)=0, "-", SUMIFS(Data_TheoDoi_USD!$D$2:$D$10000, Data_TheoDoi_USD!$A$2:$A$10000, TEXT(C14, "dd/mm/yyyy"), Data_TheoDoi_USD!$B$2:$B$10000, $H$4)), "") | G14: =IF(C14<>"", IF(SUMIFS(Data_TheoDoi_USD!$E$2:$E$10000, Data_TheoDoi_USD!$A$2:$A$10000, TEXT(C14, "dd/mm/yyyy"), Data_TheoDoi_USD!$B$2:$B$10000, $H$4)=0, "-", SUMIFS(Data_TheoDoi_USD!$E$2:$E$10000, Data_TheoDoi_USD!$A$2:$A$10000, TEXT(C14, "dd/mm/yyyy"), Data_TheoDoi_USD!$B$2:$B$10000, $H$4)), "") | H14: =IF(AND(C14<>"", E14<>"-", F14<>"-", G14<>"-"), IFERROR(AVERAGE(F14, G14), "-"), "") | AB14: VietABank
B15: =IF(C15<>"", 9, "") | C15: =IF(MONTH(DATE($C$4, $F$4, 9))=$F$4, DATE($C$4, $F$4, 9), "") | D15: =IF(C15<>"", IF(E15<>"-", C15, "-"), "") | E15: =IF(C15<>"", IF(SUMIFS(Data_TheoDoi_USD!$C$2:$C$10000, Data_TheoDoi_USD!$A$2:$A$10000, TEXT(C15, "dd/mm/yyyy"), Data_TheoDoi_USD!$B$2:$B$10000, $H$4)=0, "-", SUMIFS(Data_TheoDoi_USD!$C$2:$C$10000, Data_TheoDoi_USD!$A$2:$A$10000, TEXT(C15, "dd/mm/yyyy"), Data_TheoDoi_USD!$B$2:$B$10000, $H$4)), "") | F15: =IF(C15<>"", IF(SUMIFS(Data_TheoDoi_USD!$D$2:$D$10000, Data_TheoDoi_USD!$A$2:$A$10000, TEXT(C15, "dd/mm/yyyy"), Data_TheoDoi_USD!$B$2:$B$10000, $H$4)=0, "-", SUMIFS(Data_TheoDoi_USD!$D$2:$D$10000, Data_TheoDoi_USD!$A$2:$A$10000, TEXT(C15, "dd/mm/yyyy"), Data_TheoDoi_USD!$B$2:$B$10000, $H$4)), "") | G15: =IF(C15<>"", IF(SUMIFS(Data_TheoDoi_USD!$E$2:$E$10000, Data_TheoDoi_USD!$A$2:$A$10000, TEXT(C15, "dd/mm/yyyy"), Data_TheoDoi_USD!$B$2:$B$10000, $H$4)=0, "-", SUMIFS(Data_TheoDoi_USD!$E$2:$E$10000, Data_TheoDoi_USD!$A$2:$A$10000, TEXT(C15, "dd/mm/yyyy"), Data_TheoDoi_USD!$B$2:$B$10000, $H$4)), "") | H15: =IF(AND(C15<>"", E15<>"-", F15<>"-", G15<>"-"), IFERROR(AVERAGE(F15, G15), "-"), "") | AB15: PVcomBank
B16: =IF(C16<>"", 10, "") | C16: =IF(MONTH(DATE($C$4, $F$4, 10))=$F$4, DATE($C$4, $F$4, 10), "") | D16: =IF(C16<>"", IF(E16<>"-", C16, "-"), "") | E16: =IF(C16<>"", IF(SUMIFS(Data_TheoDoi_USD!$C$2:$C$10000, Data_TheoDoi_USD!$A$2:$A$10000, TEXT(C16, "dd/mm/yyyy"), Data_TheoDoi_USD!$B$2:$B$10000, $H$4)=0, "-", SUMIFS(Data_TheoDoi_USD!$C$2:$C$10000, Data_TheoDoi_USD!$A$2:$A$10000, TEXT(C16, "dd/mm/yyyy"), Data_TheoDoi_USD!$B$2:$B$10000, $H$4)), "") | F16: =IF(C16<>"", IF(SUMIFS(Data_TheoDoi_USD!$D$2:$D$10000, Data_TheoDoi_USD!$A$2:$A$10000, TEXT(C16, "dd/mm/yyyy"), Data_TheoDoi_USD!$B$2:$B$10000, $H$4)=0, "-", SUMIFS(Data_TheoDoi_USD!$D$2:$D$10000, Data_TheoDoi_USD!$A$2:$A$10000, TEXT(C16, "dd/mm/yyyy"), Data_TheoDoi_USD!$B$2:$B$10000, $H$4)), "") | G16: =IF(C16<>"", IF(SUMIFS(Data_TheoDoi_USD!$E$2:$E$10000, Data_TheoDoi_USD!$A$2:$A$10000, TEXT(C16, "dd/mm/yyyy"), Data_TheoDoi_USD!$B$2:$B$10000, $H$4)=0, "-", SUMIFS(Data_TheoDoi_USD!$E$2:$E$10000, Data_TheoDoi_USD!$A$2:$A$10000, TEXT(C16, "dd/mm/yyyy"), Data_TheoDoi_USD!$B$2:$B$10000, $H$4)), "") | H16: =IF(AND(C16<>"", E16<>"-", F16<>"-", G16<>"-"), IFERROR(AVERAGE(F16, G16), "-"), "")
B17: =IF(C17<>"", 11, "") | C17: =IF(MONTH(DATE($C$4, $F$4, 11))=$F$4, DATE($C$4, $F$4, 11), "") | D17: =IF(C17<>"", IF(E17<>"-", C17, "-"), "") | E17: =IF(C17<>"", IF(SUMIFS(Data_TheoDoi_USD!$C$2:$C$10000, Data_TheoDoi_USD!$A$2:$A$10000, TEXT(C17, "dd/mm/yyyy"), Data_TheoDoi_USD!$B$2:$B$10000, $H$4)=0, "-", SUMIFS(Data_TheoDoi_USD!$C$2:$C$10000, Data_TheoDoi_USD!$A$2:$A$10000, TEXT(C17, "dd/mm/yyyy"), Data_TheoDoi_USD!$B$2:$B$10000, $H$4)), "") | F17: =IF(C17<>"", IF(SUMIFS(Data_TheoDoi_USD!$D$2:$D$10000, Data_TheoDoi_USD!$A$2:$A$10000, TEXT(C17, "dd/mm/yyyy"), Data_TheoDoi_USD!$B$2:$B$10000, $H$4)=0, "-", SUMIFS(Data_TheoDoi_USD!$D$2:$D$10000, Data_TheoDoi_USD!$A$2:$A$10000, TEXT(C17, "dd/mm/yyyy"), Data_TheoDoi_USD!$B$2:$B$10000, $H$4)), "") | G17: =IF(C17<>"", IF(SUMIFS(Data_TheoDoi_USD!$E$2:$E$10000, Data_TheoDoi_USD!$A$2:$A$10000, TEXT(C17, "dd/mm/yyyy"), Data_TheoDoi_USD!$B$2:$B$10000, $H$4)=0, "-", SUMIFS(Data_TheoDoi_USD!$E$2:$E$10000, Data_TheoDoi_USD!$A$2:$A$10000, TEXT(C17, "dd/mm/yyyy"), Data_TheoDoi_USD!$B$2:$B$10000, $H$4)), "") | H17: =IF(AND(C17<>"", E17<>"-", F17<>"-", G17<>"-"), IFERROR(AVERAGE(F17, G17), "-"), "")
B18: =IF(C18<>"", 12, "") | C18: =IF(MONTH(DATE($C$4, $F$4, 12))=$F$4, DATE($C$4, $F$4, 12), "") | D18: =IF(C18<>"", IF(E18<>"-", C18, "-"), "") | E18: =IF(C18<>"", IF(SUMIFS(Data_TheoDoi_USD!$C$2:$C$10000, Data_TheoDoi_USD!$A$2:$A$10000, TEXT(C18, "dd/mm/yyyy"), Data_TheoDoi_USD!$B$2:$B$10000, $H$4)=0, "-", SUMIFS(Data_TheoDoi_USD!$C$2:$C$10000, Data_TheoDoi_USD!$A$2:$A$10000, TEXT(C18, "dd/mm/yyyy"), Data_TheoDoi_USD!$B$2:$B$10000, $H$4)), "") | F18: =IF(C18<>"", IF(SUMIFS(Data_TheoDoi_USD!$D$2:$D$10000, Data_TheoDoi_USD!$A$2:$A$10000, TEXT(C18, "dd/mm/yyyy"), Data_TheoDoi_USD!$B$2:$B$10000, $H$4)=0, "-", SUMIFS(Data_TheoDoi_USD!$D$2:$D$10000, Data_TheoDoi_USD!$A$2:$A$10000, TEXT(C18, "dd/mm/yyyy"), Data_TheoDoi_USD!$B$2:$B$10000, $H$4)), "") | G18: =IF(C18<>"", IF(SUMIFS(Data_TheoDoi_USD!$E$2:$E$10000, Data_TheoDoi_USD!$A$2:$A$10000, TEXT(C18, "dd/mm/yyyy"), Data_TheoDoi_USD!$B$2:$B$10000, $H$4)=0, "-", SUMIFS(Data_TheoDoi_USD!$E$2:$E$10000, Data_TheoDoi_USD!$A$2:$A$10000, TEXT(C18, "dd/mm/yyyy"), Data_TheoDoi_USD!$B$2:$B$10000, $H$4)), "") | H18: =IF(AND(C18<>"", E18<>"-", F18<>"-", G18<>"-"), IFERROR(AVERAGE(F18, G18), "-"), "")
B19: =IF(C19<>"", 13, "") | C19: =IF(MONTH(DATE($C$4, $F$4, 13))=$F$4, DATE($C$4, $F$4, 13), "") | D19: =IF(C19<>"", IF(E19<>"-", C19, "-"), "") | E19: =IF(C19<>"", IF(SUMIFS(Data_TheoDoi_USD!$C$2:$C$10000, Data_TheoDoi_USD!$A$2:$A$10000, TEXT(C19, "dd/mm/yyyy"), Data_TheoDoi_USD!$B$2:$B$10000, $H$4)=0, "-", SUMIFS(Data_TheoDoi_USD!$C$2:$C$10000, Data_TheoDoi_USD!$A$2:$A$10000, TEXT(C19, "dd/mm/yyyy"), Data_TheoDoi_USD!$B$2:$B$10000, $H$4)), "") | F19: =IF(C19<>"", IF(SUMIFS(Data_TheoDoi_USD!$D$2:$D$10000, Data_TheoDoi_USD!$A$2:$A$10000, TEXT(C19, "dd/mm/yyyy"), Data_TheoDoi_USD!$B$2:$B$10000, $H$4)=0, "-", SUMIFS(Data_TheoDoi_USD!$D$2:$D$10000, Data_TheoDoi_USD!$A$2:$A$10000, TEXT(C19, "dd/mm/yyyy"), Data_TheoDoi_USD!$B$2:$B$10000, $H$4)), "") | G19: =IF(C19<>"", IF(SUMIFS(Data_TheoDoi_USD!$E$2:$E$10000, Data_TheoDoi_USD!$A$2:$A$10000, TEXT(C19, "dd/mm/yyyy"), Data_TheoDoi_USD!$B$2:$B$10000, $H$4)=0, "-", SUMIFS(Data_TheoDoi_USD!$E$2:$E$10000, Data_TheoDoi_USD!$A$2:$A$10000, TEXT(C19, "dd/mm/yyyy"), Data_TheoDoi_USD!$B$2:$B$10000, $H$4)), "") | H19: =IF(AND(C19<>"", E19<>"-", F19<>"-", G19<>"-"), IFERROR(AVERAGE(F19, G19), "-"), "")
B20: =IF(C20<>"", 14, "") | C20: =IF(MONTH(DATE($C$4, $F$4, 14))=$F$4, DATE($C$4, $F$4, 14), "") | D20: =IF(C20<>"", IF(E20<>"-", C20, "-"), "") | E20: =IF(C20<>"", IF(SUMIFS(Data_TheoDoi_USD!$C$2:$C$10000, Data_TheoDoi_USD!$A$2:$A$10000, TEXT(C20, "dd/mm/yyyy"), Data_TheoDoi_USD!$B$2:$B$10000, $H$4)=0, "-", SUMIFS(Data_TheoDoi_USD!$C$2:$C$10000, Data_TheoDoi_USD!$A$2:$A$10000, TEXT(C20, "dd/mm/yyyy"), Data_TheoDoi_USD!$B$2:$B$10000, $H$4)), "") | F20: =IF(C20<>"", IF(SUMIFS(Data_TheoDoi_USD!$D$2:$D$10000, Data_TheoDoi_USD!$A$2:$A$10000, TEXT(C20, "dd/mm/yyyy"), Data_TheoDoi_USD!$B$2:$B$10000, $H$4)=0, "-", SUMIFS(Data_TheoDoi_USD!$D$2:$D$10000, Data_TheoDoi_USD!$A$2:$A$10000, TEXT(C20, "dd/mm/yyyy"), Data_TheoDoi_USD!$B$2:$B$10000, $H$4)), "") | G20: =IF(C20<>"", IF(SUMIFS(Data_TheoDoi_USD!$E$2:$E$10000, Data_TheoDoi_USD!$A$2:$A$10000, TEXT(C20, "dd/mm/yyyy"), Data_TheoDoi_USD!$B$2:$B$10000, $H$4)=0, "-", SUMIFS(Data_TheoDoi_USD!$E$2:$E$10000, Data_TheoDoi_USD!$A$2:$A$10000, TEXT(C20, "dd/mm/yyyy"), Data_TheoDoi_USD!$B$2:$B$10000, $H$4)), "") | H20: =IF(AND(C20<>"", E20<>"-", F20<>"-", G20<>"-"), IFERROR(AVERAGE(F20, G20), "-"), "")
B21: =IF(C21<>"", 15, "") | C21: =IF(MONTH(DATE($C$4, $F$4, 15))=$F$4, DATE($C$4, $F$4, 15), "") | D21: =IF(C21<>"", IF(E21<>"-", C21, "-"), "") | E21: =IF(C21<>"", IF(SUMIFS(Data_TheoDoi_USD!$C$2:$C$10000, Data_TheoDoi_USD!$A$2:$A$10000, TEXT(C21, "dd/mm/yyyy"), Data_TheoDoi_USD!$B$2:$B$10000, $H$4)=0, "-", SUMIFS(Data_TheoDoi_USD!$C$2:$C$10000, Data_TheoDoi_USD!$A$2:$A$10000, TEXT(C21, "dd/mm/yyyy"), Data_TheoDoi_USD!$B$2:$B$10000, $H$4)), "") | F21: =IF(C21<>"", IF(SUMIFS(Data_TheoDoi_USD!$D$2:$D$10000, Data_TheoDoi_USD!$A$2:$A$10000, TEXT(C21, "dd/mm/yyyy"), Data_TheoDoi_USD!$B$2:$B$10000, $H$4)=0, "-", SUMIFS(Data_TheoDoi_USD!$D$2:$D$10000, Data_TheoDoi_USD!$A$2:$A$10000, TEXT(C21, "dd/mm/yyyy"), Data_TheoDoi_USD!$B$2:$B$10000, $H$4)), "") | G21: =IF(C21<>"", IF(SUMIFS(Data_TheoDoi_USD!$E$2:$E$10000, Data_TheoDoi_USD!$A$2:$A$10000, TEXT(C21, "dd/mm/yyyy"), Data_TheoDoi_USD!$B$2:$B$10000, $H$4)=0, "-", SUMIFS(Data_TheoDoi_USD!$E$2:$E$10000, Data_TheoDoi_USD!$A$2:$A$10000, TEXT(C21, "dd/mm/yyyy"), Data_TheoDoi_USD!$B$2:$B$10000, $H$4)), "") | H21: =IF(AND(C21<>"", E21<>"-", F21<>"-", G21<>"-"), IFERROR(AVERAGE(F21, G21), "-"), "")
B22: =IF(C22<>"", 16, "") | C22: =IF(MONTH(DATE($C$4, $F$4, 16))=$F$4, DATE($C$4, $F$4, 16), "") | D22: =IF(C22<>"", IF(E22<>"-", C22, "-"), "") | E22: =IF(C22<>"", IF(SUMIFS(Data_TheoDoi_USD!$C$2:$C$10000, Data_TheoDoi_USD!$A$2:$A$10000, TEXT(C22, "dd/mm/yyyy"), Data_TheoDoi_USD!$B$2:$B$10000, $H$4)=0, "-", SUMIFS(Data_TheoDoi_USD!$C$2:$C$10000, Data_TheoDoi_USD!$A$2:$A$10000, TEXT(C22, "dd/mm/yyyy"), Data_TheoDoi_USD!$B$2:$B$10000, $H$4)), "") | F22: =IF(C22<>"", IF(SUMIFS(Data_TheoDoi_USD!$D$2:$D$10000, Data_TheoDoi_USD!$A$2:$A$10000, TEXT(C22, "dd/mm/yyyy"), Data_TheoDoi_USD!$B$2:$B$10000, $H$4)=0, "-", SUMIFS(Data_TheoDoi_USD!$D$2:$D$10000, Data_TheoDoi_USD!$A$2:$A$10000, TEXT(C22, "dd/mm/yyyy"), Data_TheoDoi_USD!$B$2:$B$10000, $H$4)), "") | G22: =IF(C22<>"", IF(SUMIFS(Data_TheoDoi_USD!$E$2:$E$10000, Data_TheoDoi_USD!$A$2:$A$10000, TEXT(C22, "dd/mm/yyyy"), Data_TheoDoi_USD!$B$2:$B$10000, $H$4)=0, "-", SUMIFS(Data_TheoDoi_USD!$E$2:$E$10000, Data_TheoDoi_USD!$A$2:$A$10000, TEXT(C22, "dd/mm/yyyy"), Data_TheoDoi_USD!$B$2:$B$10000, $H$4)), "") | H22: =IF(AND(C22<>"", E22<>"-", F22<>"-", G22<>"-"), IFERROR(AVERAGE(F22, G22), "-"), "")
B23: =IF(C23<>"", 17, "") | C23: =IF(MONTH(DATE($C$4, $F$4, 17))=$F$4, DATE($C$4, $F$4, 17), "") | D23: =IF(C23<>"", IF(E23<>"-", C23, "-"), "") | E23: =IF(C23<>"", IF(SUMIFS(Data_TheoDoi_USD!$C$2:$C$10000, Data_TheoDoi_USD!$A$2:$A$10000, TEXT(C23, "dd/mm/yyyy"), Data_TheoDoi_USD!$B$2:$B$10000, $H$4)=0, "-", SUMIFS(Data_TheoDoi_USD!$C$2:$C$10000, Data_TheoDoi_USD!$A$2:$A$10000, TEXT(C23, "dd/mm/yyyy"), Data_TheoDoi_USD!$B$2:$B$10000, $H$4)), "") | F23: =IF(C23<>"", IF(SUMIFS(Data_TheoDoi_USD!$D$2:$D$10000, Data_TheoDoi_USD!$A$2:$A$10000, TEXT(C23, "dd/mm/yyyy"), Data_TheoDoi_USD!$B$2:$B$10000, $H$4)=0, "-", SUMIFS(Data_TheoDoi_USD!$D$2:$D$10000, Data_TheoDoi_USD!$A$2:$A$10000, TEXT(C23, "dd/mm/yyyy"), Data_TheoDoi_USD!$B$2:$B$10000, $H$4)), "") | G23: =IF(C23<>"", IF(SUMIFS(Data_TheoDoi_USD!$E$2:$E$10000, Data_TheoDoi_USD!$A$2:$A$10000, TEXT(C23, "dd/mm/yyyy"), Data_TheoDoi_USD!$B$2:$B$10000, $H$4)=0, "-", SUMIFS(Data_TheoDoi_USD!$E$2:$E$10000, Data_TheoDoi_USD!$A$2:$A$10000, TEXT(C23, "dd/mm/yyyy"), Data_TheoDoi_USD!$B$2:$B$10000, $H$4)), "") | H23: =IF(AND(C23<>"", E23<>"-", F23<>"-", G23<>"-"), IFERROR(AVERAGE(F23, G23), "-"), "")
B24: =IF(C24<>"", 18, "") | C24: =IF(MONTH(DATE($C$4, $F$4, 18))=$F$4, DATE($C$4, $F$4, 18), "") | D24: =IF(C24<>"", IF(E24<>"-", C24, "-"), "") | E24: =IF(C24<>"", IF(SUMIFS(Data_TheoDoi_USD!$C$2:$C$10000, Data_TheoDoi_USD!$A$2:$A$10000, TEXT(C24, "dd/mm/yyyy"), Data_TheoDoi_USD!$B$2:$B$10000, $H$4)=0, "-", SUMIFS(Data_TheoDoi_USD!$C$2:$C$10000, Data_TheoDoi_USD!$A$2:$A$10000, TEXT(C24, "dd/mm/yyyy"), Data_TheoDoi_USD!$B$2:$B$10000, $H$4)), "") | F24: =IF(C24<>"", IF(SUMIFS(Data_TheoDoi_USD!$D$2:$D$10000, Data_TheoDoi_USD!$A$2:$A$10000, TEXT(C24, "dd/mm/yyyy"), Data_TheoDoi_USD!$B$2:$B$10000, $H$4)=0, "-", SUMIFS(Data_TheoDoi_USD!$D$2:$D$10000, Data_TheoDoi_USD!$A$2:$A$10000, TEXT(C24, "dd/mm/yyyy"), Data_TheoDoi_USD!$B$2:$B$10000, $H$4)), "") | G24: =IF(C24<>"", IF(SUMIFS(Data_TheoDoi_USD!$E$2:$E$10000, Data_TheoDoi_USD!$A$2:$A$10000, TEXT(C24, "dd/mm/yyyy"), Data_TheoDoi_USD!$B$2:$B$10000, $H$4)=0, "-", SUMIFS(Data_TheoDoi_USD!$E$2:$E$10000, Data_TheoDoi_USD!$A$2:$A$10000, TEXT(C24, "dd/mm/yyyy"), Data_TheoDoi_USD!$B$2:$B$10000, $H$4)), "") | H24: =IF(AND(C24<>"", E24<>"-", F24<>"-", G24<>"-"), IFERROR(AVERAGE(F24, G24), "-"), "")
B25: =IF(C25<>"", 19, "") | C25: =IF(MONTH(DATE($C$4, $F$4, 19))=$F$4, DATE($C$4, $F$4, 19), "") | D25: =IF(C25<>"", IF(E25<>"-", C25, "-"), "") | E25: =IF(C25<>"", IF(SUMIFS(Data_TheoDoi_USD!$C$2:$C$10000, Data_TheoDoi_USD!$A$2:$A$10000, TEXT(C25, "dd/mm/yyyy"), Data_TheoDoi_USD!$B$2:$B$10000, $H$4)=0, "-", SUMIFS(Data_TheoDoi_USD!$C$2:$C$10000, Data_TheoDoi_USD!$A$2:$A$10000, TEXT(C25, "dd/mm/yyyy"), Data_TheoDoi_USD!$B$2:$B$10000, $H$4)), "") | F25: =IF(C25<>"", IF(SUMIFS(Data_TheoDoi_USD!$D$2:$D$10000, Data_TheoDoi_USD!$A$2:$A$10000, TEXT(C25, "dd/mm/yyyy"), Data_TheoDoi_USD!$B$2:$B$10000, $H$4)=0, "-", SUMIFS(Data_TheoDoi_USD!$D$2:$D$10000, Data_TheoDoi_USD!$A$2:$A$10000, TEXT(C25, "dd/mm/yyyy"), Data_TheoDoi_USD!$B$2:$B$10000, $H$4)), "") | G25: =IF(C25<>"", IF(SUMIFS(Data_TheoDoi_USD!$E$2:$E$10000, Data_TheoDoi_USD!$A$2:$A$10000, TEXT(C25, "dd/mm/yyyy"), Data_TheoDoi_USD!$B$2:$B$10000, $H$4)=0, "-", SUMIFS(Data_TheoDoi_USD!$E$2:$E$10000, Data_TheoDoi_USD!$A$2:$A$10000, TEXT(C25, "dd/mm/yyyy"), Data_TheoDoi_USD!$B$2:$B$10000, $H$4)), "") | H25: =IF(AND(C25<>"", E25<>"-", F25<>"-", G25<>"-"), IFERROR(AVERAGE(F25, G25), "-"), "")
B26: =IF(C26<>"", 20, "") | C26: =IF(MONTH(DATE($C$4, $F$4, 20))=$F$4, DATE($C$4, $F$4, 20), "") | D26: =IF(C26<>"", IF(E26<>"-", C26, "-"), "") | E26: =IF(C26<>"", IF(SUMIFS(Data_TheoDoi_USD!$C$2:$C$10000, Data_TheoDoi_USD!$A$2:$A$10000, TEXT(C26, "dd/mm/yyyy"), Data_TheoDoi_USD!$B$2:$B$10000, $H$4)=0, "-", SUMIFS(Data_TheoDoi_USD!$C$2:$C$10000, Data_TheoDoi_USD!$A$2:$A$10000, TEXT(C26, "dd/mm/yyyy"), Data_TheoDoi_USD!$B$2:$B$10000, $H$4)), "") | F26: =IF(C26<>"", IF(SUMIFS(Data_TheoDoi_USD!$D$2:$D$10000, Data_TheoDoi_USD!$A$2:$A$10000, TEXT(C26, "dd/mm/yyyy"), Data_TheoDoi_USD!$B$2:$B$10000, $H$4)=0, "-", SUMIFS(Data_TheoDoi_USD!$D$2:$D$10000, Data_TheoDoi_USD!$A$2:$A$10000, TEXT(C26, "dd/mm/yyyy"), Data_TheoDoi_USD!$B$2:$B$10000, $H$4)), "") | G26: =IF(C26<>"", IF(SUMIFS(Data_TheoDoi_USD!$E$2:$E$10000, Data_TheoDoi_USD!$A$2:$A$10000, TEXT(C26, "dd/mm/yyyy"), Data_TheoDoi_USD!$B$2:$B$10000, $H$4)=0, "-", SUMIFS(Data_TheoDoi_USD!$E$2:$E$10000, Data_TheoDoi_USD!$A$2:$A$10000, TEXT(C26, "dd/mm/yyyy"), Data_TheoDoi_USD!$B$2:$B$10000, $H$4)), "") | H26: =IF(AND(C26<>"", E26<>"-", F26<>"-", G26<>"-"), IFERROR(AVERAGE(F26, G26), "-"), "")
B27: =IF(C27<>"", 21, "") | C27: =IF(MONTH(DATE($C$4, $F$4, 21))=$F$4, DATE($C$4, $F$4, 21), "") | D27: =IF(C27<>"", IF(E27<>"-", C27, "-"), "") | E27: =IF(C27<>"", IF(SUMIFS(Data_TheoDoi_USD!$C$2:$C$10000, Data_TheoDoi_USD!$A$2:$A$10000, TEXT(C27, "dd/mm/yyyy"), Data_TheoDoi_USD!$B$2:$B$10000, $H$4)=0, "-", SUMIFS(Data_TheoDoi_USD!$C$2:$C$10000, Data_TheoDoi_USD!$A$2:$A$10000, TEXT(C27, "dd/mm/yyyy"), Data_TheoDoi_USD!$B$2:$B$10000, $H$4)), "") | F27: =IF(C27<>"", IF(SUMIFS(Data_TheoDoi_USD!$D$2:$D$10000, Data_TheoDoi_USD!$A$2:$A$10000, TEXT(C27, "dd/mm/yyyy"), Data_TheoDoi_USD!$B$2:$B$10000, $H$4)=0, "-", SUMIFS(Data_TheoDoi_USD!$D$2:$D$10000, Data_TheoDoi_USD!$A$2:$A$10000, TEXT(C27, "dd/mm/yyyy"), Data_TheoDoi_USD!$B$2:$B$10000, $H$4)), "") | G27: =IF(C27<>"", IF(SUMIFS(Data_TheoDoi_USD!$E$2:$E$10000, Data_TheoDoi_USD!$A$2:$A$10000, TEXT(C27, "dd/mm/yyyy"), Data_TheoDoi_USD!$B$2:$B$10000, $H$4)=0, "-", SUMIFS(Data_TheoDoi_USD!$E$2:$E$10000, Data_TheoDoi_USD!$A$2:$A$10000, TEXT(C27, "dd/mm/yyyy"), Data_TheoDoi_USD!$B$2:$B$10000, $H$4)), "") | H27: =IF(AND(C27<>"", E27<>"-", F27<>"-", G27<>"-"), IFERROR(AVERAGE(F27, G27), "-"), "")
B28: =IF(C28<>"", 22, "") | C28: =IF(MONTH(DATE($C$4, $F$4, 22))=$F$4, DATE($C$4, $F$4, 22), "") | D28: =IF(C28<>"", IF(E28<>"-", C28, "-"), "") | E28: =IF(C28<>"", IF(SUMIFS(Data_TheoDoi_USD!$C$2:$C$10000, Data_TheoDoi_USD!$A$2:$A$10000, TEXT(C28, "dd/mm/yyyy"), Data_TheoDoi_USD!$B$2:$B$10000, $H$4)=0, "-", SUMIFS(Data_TheoDoi_USD!$C$2:$C$10000, Data_TheoDoi_USD!$A$2:$A$10000, TEXT(C28, "dd/mm/yyyy"), Data_TheoDoi_USD!$B$2:$B$10000, $H$4)), "") | F28: =IF(C28<>"", IF(SUMIFS(Data_TheoDoi_USD!$D$2:$D$10000, Data_TheoDoi_USD!$A$2:$A$10000, TEXT(C28, "dd/mm/yyyy"), Data_TheoDoi_USD!$B$2:$B$10000, $H$4)=0, "-", SUMIFS(Data_TheoDoi_USD!$D$2:$D$10000, Data_TheoDoi_USD!$A$2:$A$10000, TEXT(C28, "dd/mm/yyyy"), Data_TheoDoi_USD!$B$2:$B$10000, $H$4)), "") | G28: =IF(C28<>"", IF(SUMIFS(Data_TheoDoi_USD!$E$2:$E$10000, Data_TheoDoi_USD!$A$2:$A$10000, TEXT(C28, "dd/mm/yyyy"), Data_TheoDoi_USD!$B$2:$B$10000, $H$4)=0, "-", SUMIFS(Data_TheoDoi_USD!$E$2:$E$10000, Data_TheoDoi_USD!$A$2:$A$10000, TEXT(C28, "dd/mm/yyyy"), Data_TheoDoi_USD!$B$2:$B$10000, $H$4)), "") | H28: =IF(AND(C28<>"", E28<>"-", F28<>"-", G28<>"-"), IFERROR(AVERAGE(F28, G28), "-"), "")
B29: =IF(C29<>"", 23, "") | C29: =IF(MONTH(DATE($C$4, $F$4, 23))=$F$4, DATE($C$4, $F$4, 23), "") | D29: =IF(C29<>"", IF(E29<>"-", C29, "-"), "") | E29: =IF(C29<>"", IF(SUMIFS(Data_TheoDoi_USD!$C$2:$C$10000, Data_TheoDoi_USD!$A$2:$A$10000, TEXT(C29, "dd/mm/yyyy"), Data_TheoDoi_USD!$B$2:$B$10000, $H$4)=0, "-", SUMIFS(Data_TheoDoi_USD!$C$2:$C$10000, Data_TheoDoi_USD!$A$2:$A$10000, TEXT(C29, "dd/mm/yyyy"), Data_TheoDoi_USD!$B$2:$B$10000, $H$4)), "") | F29: =IF(C29<>"", IF(SUMIFS(Data_TheoDoi_USD!$D$2:$D$10000, Data_TheoDoi_USD!$A$2:$A$10000, TEXT(C29, "dd/mm/yyyy"), Data_TheoDoi_USD!$B$2:$B$10000, $H$4)=0, "-", SUMIFS(Data_TheoDoi_USD!$D$2:$D$10000, Data_TheoDoi_USD!$A$2:$A$10000, TEXT(C29, "dd/mm/yyyy"), Data_TheoDoi_USD!$B$2:$B$10000, $H$4)), "") | G29: =IF(C29<>"", IF(SUMIFS(Data_TheoDoi_USD!$E$2:$E$10000, Data_TheoDoi_USD!$A$2:$A$10000, TEXT(C29, "dd/mm/yyyy"), Data_TheoDoi_USD!$B$2:$B$10000, $H$4)=0, "-", SUMIFS(Data_TheoDoi_USD!$E$2:$E$10000, Data_TheoDoi_USD!$A$2:$A$10000, TEXT(C29, "dd/mm/yyyy"), Data_TheoDoi_USD!$B$2:$B$10000, $H$4)), "") | H29: =IF(AND(C29<>"", E29<>"-", F29<>"-", G29<>"-"), IFERROR(AVERAGE(F29, G29), "-"), "")
B30: =IF(C30<>"", 24, "") | C30: =IF(MONTH(DATE($C$4, $F$4, 24))=$F$4, DATE($C$4, $F$4, 24), "") | D30: =IF(C30<>"", IF(E30<>"-", C30, "-"), "") | E30: =IF(C30<>"", IF(SUMIFS(Data_TheoDoi_USD!$C$2:$C$10000, Data_TheoDoi_USD!$A$2:$A$10000, TEXT(C30, "dd/mm/yyyy"), Data_TheoDoi_USD!$B$2:$B$10000, $H$4)=0, "-", SUMIFS(Data_TheoDoi_USD!$C$2:$C$10000, Data_TheoDoi_USD!$A$2:$A$10000, TEXT(C30, "dd/mm/yyyy"), Data_TheoDoi_USD!$B$2:$B$10000, $H$4)), "") | F30: =IF(C30<>"", IF(SUMIFS(Data_TheoDoi_USD!$D$2:$D$10000, Data_TheoDoi_USD!$A$2:$A$10000, TEXT(C30, "dd/mm/yyyy"), Data_TheoDoi_USD!$B$2:$B$10000, $H$4)=0, "-", SUMIFS(Data_TheoDoi_USD!$D$2:$D$10000, Data_TheoDoi_USD!$A$2:$A$10000, TEXT(C30, "dd/mm/yyyy"), Data_TheoDoi_USD!$B$2:$B$10000, $H$4)), "") | G30: =IF(C30<>"", IF(SUMIFS(Data_TheoDoi_USD!$E$2:$E$10000, Data_TheoDoi_USD!$A$2:$A$10000, TEXT(C30, "dd/mm/yyyy"), Data_TheoDoi_USD!$B$2:$B$10000, $H$4)=0, "-", SUMIFS(Data_TheoDoi_USD!$E$2:$E$10000, Data_TheoDoi_USD!$A$2:$A$10000, TEXT(C30, "dd/mm/yyyy"), Data_TheoDoi_USD!$B$2:$B$10000, $H$4)), "") | H30: =IF(AND(C30<>"", E30<>"-", F30<>"-", G30<>"-"), IFERROR(AVERAGE(F30, G30), "-"), "")
B31: =IF(C31<>"", 25, "") | C31: =IF(MONTH(DATE($C$4, $F$4, 25))=$F$4, DATE($C$4, $F$4, 25), "") | D31: =IF(C31<>"", IF(E31<>"-", C31, "-"), "") | E31: =IF(C31<>"", IF(SUMIFS(Data_TheoDoi_USD!$C$2:$C$10000, Data_TheoDoi_USD!$A$2:$A$10000, TEXT(C31, "dd/mm/yyyy"), Data_TheoDoi_USD!$B$2:$B$10000, $H$4)=0, "-", SUMIFS(Data_TheoDoi_USD!$C$2:$C$10000, Data_TheoDoi_USD!$A$2:$A$10000, TEXT(C31, "dd/mm/yyyy"), Data_TheoDoi_USD!$B$2:$B$10000, $H$4)), "") | F31: =IF(C31<>"", IF(SUMIFS(Data_TheoDoi_USD!$D$2:$D$10000, Data_TheoDoi_USD!$A$2:$A$10000, TEXT(C31, "dd/mm/yyyy"), Data_TheoDoi_USD!$B$2:$B$10000, $H$4)=0, "-", SUMIFS(Data_TheoDoi_USD!$D$2:$D$10000, Data_TheoDoi_USD!$A$2:$A$10000, TEXT(C31, "dd/mm/yyyy"), Data_TheoDoi_USD!$B$2:$B$10000, $H$4)), "") | G31: =IF(C31<>"", IF(SUMIFS(Data_TheoDoi_USD!$E$2:$E$10000, Data_TheoDoi_USD!$A$2:$A$10000, TEXT(C31, "dd/mm/yyyy"), Data_TheoDoi_USD!$B$2:$B$10000, $H$4)=0, "-", SUMIFS(Data_TheoDoi_USD!$E$2:$E$10000, Data_TheoDoi_USD!$A$2:$A$10000, TEXT(C31, "dd/mm/yyyy"), Data_TheoDoi_USD!$B$2:$B$10000, $H$4)), "") | H31: =IF(AND(C31<>"", E31<>"-", F31<>"-", G31<>"-"), IFERROR(AVERAGE(F31, G31), "-"), "")
B32: =IF(C32<>"", 26, "") | C32: =IF(MONTH(DATE($C$4, $F$4, 26))=$F$4, DATE($C$4, $F$4, 26), "") | D32: =IF(C32<>"", IF(E32<>"-", C32, "-"), "") | E32: =IF(C32<>"", IF(SUMIFS(Data_TheoDoi_USD!$C$2:$C$10000, Data_TheoDoi_USD!$A$2:$A$10000, TEXT(C32, "dd/mm/yyyy"), Data_TheoDoi_USD!$B$2:$B$10000, $H$4)=0, "-", SUMIFS(Data_TheoDoi_USD!$C$2:$C$10000, Data_TheoDoi_USD!$A$2:$A$10000, TEXT(C32, "dd/mm/yyyy"), Data_TheoDoi_USD!$B$2:$B$10000, $H$4)), "") | F32: =IF(C32<>"", IF(SUMIFS(Data_TheoDoi_USD!$D$2:$D$10000, Data_TheoDoi_USD!$A$2:$A$10000, TEXT(C32, "dd/mm/yyyy"), Data_TheoDoi_USD!$B$2:$B$10000, $H$4)=0, "-", SUMIFS(Data_TheoDoi_USD!$D$2:$D$10000, Data_TheoDoi_USD!$A$2:$A$10000, TEXT(C32, "dd/mm/yyyy"), Data_TheoDoi_USD!$B$2:$B$10000, $H$4)), "") | G32: =IF(C32<>"", IF(SUMIFS(Data_TheoDoi_USD!$E$2:$E$10000, Data_TheoDoi_USD!$A$2:$A$10000, TEXT(C32, "dd/mm/yyyy"), Data_TheoDoi_USD!$B$2:$B$10000, $H$4)=0, "-", SUMIFS(Data_TheoDoi_USD!$E$2:$E$10000, Data_TheoDoi_USD!$A$2:$A$10000, TEXT(C32, "dd/mm/yyyy"), Data_TheoDoi_USD!$B$2:$B$10000, $H$4)), "") | H32: =IF(AND(C32<>"", E32<>"-", F32<>"-", G32<>"-"), IFERROR(AVERAGE(F32, G32), "-"), "")
B33: =IF(C33<>"", 27, "") | C33: =IF(MONTH(DATE($C$4, $F$4, 27))=$F$4, DATE($C$4, $F$4, 27), "") | D33: =IF(C33<>"", IF(E33<>"-", C33, "-"), "") | E33: =IF(C33<>"", IF(SUMIFS(Data_TheoDoi_USD!$C$2:$C$10000, Data_TheoDoi_USD!$A$2:$A$10000, TEXT(C33, "dd/mm/yyyy"), Data_TheoDoi_USD!$B$2:$B$10000, $H$4)=0, "-", SUMIFS(Data_TheoDoi_USD!$C$2:$C$10000, Data_TheoDoi_USD!$A$2:$A$10000, TEXT(C33, "dd/mm/yyyy"), Data_TheoDoi_USD!$B$2:$B$10000, $H$4)), "") | F33: =IF(C33<>"", IF(SUMIFS(Data_TheoDoi_USD!$D$2:$D$10000, Data_TheoDoi_USD!$A$2:$A$10000, TEXT(C33, "dd/mm/yyyy"), Data_TheoDoi_USD!$B$2:$B$10000, $H$4)=0, "-", SUMIFS(Data_TheoDoi_USD!$D$2:$D$10000, Data_TheoDoi_USD!$A$2:$A$10000, TEXT(C33, "dd/mm/yyyy"), Data_TheoDoi_USD!$B$2:$B$10000, $H$4)), "") | G33: =IF(C33<>"", IF(SUMIFS(Data_TheoDoi_USD!$E$2:$E$10000, Data_TheoDoi_USD!$A$2:$A$10000, TEXT(C33, "dd/mm/yyyy"), Data_TheoDoi_USD!$B$2:$B$10000, $H$4)=0, "-", SUMIFS(Data_TheoDoi_USD!$E$2:$E$10000, Data_TheoDoi_USD!$A$2:$A$10000, TEXT(C33, "dd/mm/yyyy"), Data_TheoDoi_USD!$B$2:$B$10000, $H$4)), "") | H33: =IF(AND(C33<>"", E33<>"-", F33<>"-", G33<>"-"), IFERROR(AVERAGE(F33, G33), "-"), "")
B34: =IF(C34<>"", 28, "") | C34: =IF(MONTH(DATE($C$4, $F$4, 28))=$F$4, DATE($C$4, $F$4, 28), "") | D34: =IF(C34<>"", IF(E34<>"-", C34, "-"), "") | E34: =IF(C34<>"", IF(SUMIFS(Data_TheoDoi_USD!$C$2:$C$10000, Data_TheoDoi_USD!$A$2:$A$10000, TEXT(C34, "dd/mm/yyyy"), Data_TheoDoi_USD!$B$2:$B$10000, $H$4)=0, "-", SUMIFS(Data_TheoDoi_USD!$C$2:$C$10000, Data_TheoDoi_USD!$A$2:$A$10000, TEXT(C34, "dd/mm/yyyy"), Data_TheoDoi_USD!$B$2:$B$10000, $H$4)), "") | F34: =IF(C34<>"", IF(SUMIFS(Data_TheoDoi_USD!$D$2:$D$10000, Data_TheoDoi_USD!$A$2:$A$10000, TEXT(C34, "dd/mm/yyyy"), Data_TheoDoi_USD!$B$2:$B$10000, $H$4)=0, "-", SUMIFS(Data_TheoDoi_USD!$D$2:$D$10000, Data_TheoDoi_USD!$A$2:$A$10000, TEXT(C34, "dd/mm/yyyy"), Data_TheoDoi_USD!$B$2:$B$10000, $H$4)), "") | G34: =IF(C34<>"", IF(SUMIFS(Data_TheoDoi_USD!$E$2:$E$10000, Data_TheoDoi_USD!$A$2:$A$10000, TEXT(C34, "dd/mm/yyyy"), Data_TheoDoi_USD!$B$2:$B$10000, $H$4)=0, "-", SUMIFS(Data_TheoDoi_USD!$E$2:$E$10000, Data_TheoDoi_USD!$A$2:$A$10000, TEXT(C34, "dd/mm/yyyy"), Data_TheoDoi_USD!$B$2:$B$10000, $H$4)), "") | H34: =IF(AND(C34<>"", E34<>"-", F34<>"-", G34<>"-"), IFERROR(AVERAGE(F34, G34), "-"), "")
B35: =IF(C35<>"", 29, "") | C35: =IF(MONTH(DATE($C$4, $F$4, 29))=$F$4, DATE($C$4, $F$4, 29), "") | D35: =IF(C35<>"", IF(E35<>"-", C35, "-"), "") | E35: =IF(C35<>"", IF(SUMIFS(Data_TheoDoi_USD!$C$2:$C$10000, Data_TheoDoi_USD!$A$2:$A$10000, TEXT(C35, "dd/mm/yyyy"), Data_TheoDoi_USD!$B$2:$B$10000, $H$4)=0, "-", SUMIFS(Data_TheoDoi_USD!$C$2:$C$10000, Data_TheoDoi_USD!$A$2:$A$10000, TEXT(C35, "dd/mm/yyyy"), Data_TheoDoi_USD!$B$2:$B$10000, $H$4)), "") | F35: =IF(C35<>"", IF(SUMIFS(Data_TheoDoi_USD!$D$2:$D$10000, Data_TheoDoi_USD!$A$2:$A$10000, TEXT(C35, "dd/mm/yyyy"), Data_TheoDoi_USD!$B$2:$B$10000, $H$4)=0, "-", SUMIFS(Data_TheoDoi_USD!$D$2:$D$10000, Data_TheoDoi_USD!$A$2:$A$10000, TEXT(C35, "dd/mm/yyyy"), Data_TheoDoi_USD!$B$2:$B$10000, $H$4)), "") | G35: =IF(C35<>"", IF(SUMIFS(Data_TheoDoi_USD!$E$2:$E$10000, Data_TheoDoi_USD!$A$2:$A$10000, TEXT(C35, "dd/mm/yyyy"), Data_TheoDoi_USD!$B$2:$B$10000, $H$4)=0, "-", SUMIFS(Data_TheoDoi_USD!$E$2:$E$10000, Data_TheoDoi_USD!$A$2:$A$10000, TEXT(C35, "dd/mm/yyyy"), Data_TheoDoi_USD!$B$2:$B$10000, $H$4)), "") | H35: =IF(AND(C35<>"", E35<>"-", F35<>"-", G35<>"-"), IFERROR(AVERAGE(F35, G35), "-"), "")
B36: =IF(C36<>"", 30, "") | C36: =IF(MONTH(DATE($C$4, $F$4, 30))=$F$4, DATE($C$4, $F$4, 30), "") | D36: =IF(C36<>"", IF(E36<>"-", C36, "-"), "") | E36: =IF(C36<>"", IF(SUMIFS(Data_TheoDoi_USD!$C$2:$C$10000, Data_TheoDoi_USD!$A$2:$A$10000, TEXT(C36, "dd/mm/yyyy"), Data_TheoDoi_USD!$B$2:$B$10000, $H$4)=0, "-", SUMIFS(Data_TheoDoi_USD!$C$2:$C$10000, Data_TheoDoi_USD!$A$2:$A$10000, TEXT(C36, "dd/mm/yyyy"), Data_TheoDoi_USD!$B$2:$B$10000, $H$4)), "") | F36: =IF(C36<>"", IF(SUMIFS(Data_TheoDoi_USD!$D$2:$D$10000, Data_TheoDoi_USD!$A$2:$A$10000, TEXT(C36, "dd/mm/yyyy"), Data_TheoDoi_USD!$B$2:$B$10000, $H$4)=0, "-", SUMIFS(Data_TheoDoi_USD!$D$2:$D$10000, Data_TheoDoi_USD!$A$2:$A$10000, TEXT(C36, "dd/mm/yyyy"), Data_TheoDoi_USD!$B$2:$B$10000, $H$4)), "") | G36: =IF(C36<>"", IF(SUMIFS(Data_TheoDoi_USD!$E$2:$E$10000, Data_TheoDoi_USD!$A$2:$A$10000, TEXT(C36, "dd/mm/yyyy"), Data_TheoDoi_USD!$B$2:$B$10000, $H$4)=0, "-", SUMIFS(Data_TheoDoi_USD!$E$2:$E$10000, Data_TheoDoi_USD!$A$2:$A$10000, TEXT(C36, "dd/mm/yyyy"), Data_TheoDoi_USD!$B$2:$B$10000, $H$4)), "") | H36: =IF(AND(C36<>"", E36<>"-", F36<>"-", G36<>"-"), IFERROR(AVERAGE(F36, G36), "-"), "")
B37: =IF(C37<>"", 31, "") | C37: =IF(MONTH(DATE($C$4, $F$4, 31))=$F$4, DATE($C$4, $F$4, 31), "") | D37: =IF(C37<>"", IF(E37<>"-", C37, "-"), "") | E37: =IF(C37<>"", IF(SUMIFS(Data_TheoDoi_USD!$C$2:$C$10000, Data_TheoDoi_USD!$A$2:$A$10000, TEXT(C37, "dd/mm/yyyy"), Data_TheoDoi_USD!$B$2:$B$10000, $H$4)=0, "-", SUMIFS(Data_TheoDoi_USD!$C$2:$C$10000, Data_TheoDoi_USD!$A$2:$A$10000, TEXT(C37, "dd/mm/yyyy"), Data_TheoDoi_USD!$B$2:$B$10000, $H$4)), "") | F37: =IF(C37<>"", IF(SUMIFS(Data_TheoDoi_USD!$D$2:$D$10000, Data_TheoDoi_USD!$A$2:$A$10000, TEXT(C37, "dd/mm/yyyy"), Data_TheoDoi_USD!$B$2:$B$10000, $H$4)=0, "-", SUMIFS(Data_TheoDoi_USD!$D$2:$D$10000, Data_TheoDoi_USD!$A$2:$A$10000, TEXT(C37, "dd/mm/yyyy"), Data_TheoDoi_USD!$B$2:$B$10000, $H$4)), "") | G37: =IF(C37<>"", IF(SUMIFS(Data_TheoDoi_USD!$E$2:$E$10000, Data_TheoDoi_USD!$A$2:$A$10000, TEXT(C37, "dd/mm/yyyy"), Data_TheoDoi_USD!$B$2:$B$10000, $H$4)=0, "-", SUMIFS(Data_TheoDoi_USD!$E$2:$E$10000, Data_TheoDoi_USD!$A$2:$A$10000, TEXT(C37, "dd/mm/yyyy"), Data_TheoDoi_USD!$B$2:$B$10000, $H$4)), "") | H37: =IF(AND(C37<>"", E37<>"-", F37<>"-", G37<>"-"), IFERROR(AVERAGE(F37, G37), "-"), "")
C38: BÌNH QUÂN THÁNG | E38: =IFERROR(AVERAGE(E7:E37), "-") | F38: =IFERROR(AVERAGE(F7:F37), "-") | G38: =IFERROR(AVERAGE(G7:G37), "-") | H38: =IFERROR(AVERAGE(H7:H37), "-")

Sheet Data
A1: Ngày Cập Nhật | B1: Mã Ngoại Tệ | C1: Tên Ngoại Tệ | D1: Mua Tiền Mặt | E1: Mua Chuyển Khoản | F1: Bán | G1: Bình Quân CK & Bán
A2: 2026-09-18 23:00:10 | B2: AUD | C2: AUSTRALIAN DOLLAR | D2: 18067.19 | E2: 18249.69 | F2: 18834.45 | G2: 18542.07
A3: 2026-09-18 23:00:10 | B3: CAD | C3: CANADIAN DOLLAR | D3: 18117.89 | E3: 18300.9 | F3: 18887.3 | G3: 18594.1
A4: 2026-09-18 23:00:10 | B4: CHF | C4: SWISS FRANC | D4: 30753.83 | E4: 31064.47 | F4: 32059.85 | G4: 31562.16
A5: 2026-09-18 23:00:10 | B5: CNY | C5: YUAN RENMINBI | D5: 3786.37 | E5: 3824.62 | F5: 3947.17 | G5: 3885.9
A6: 2026-09-18 23:00:10 | B6: DKK | C6: DANISH KRONE | E6: 3924.2 | F6: 4074.32 | G6: 3999.26
A7: 2026-09-18 23:00:10 | B7: EUR | C7: EURO | D7: 29118.95 | E7: 29413.09 | F7: 30654.61 | G7: 30033.85
A8: 2026-09-18 23:00:10 | B8: GBP | C8: POUND STERLING | D8: 33885.49 | E8: 34227.77 | F8: 35324.5 | G8: 34776.13
A9: 2026-09-18 23:00:10 | B9: HKD | C9: HONGKONG DOLLAR | D9: 3223.1 | E9: 3255.65 | F9: 3380.2 | G9: 3317.92
A10: 2026-09-18 23:00:10 | B10: INR | C10: INDIAN RUPEE | E10: 269.9 | F10: 281.52 | G10: 275.71
A11: 2026-09-18 23:00:10 | B11: JPY | C11: YEN | D11: 158.98 | E11: 160.58 | F11: 169.95 | G11: 165.26
A12: 2026-09-18 23:00:10 | B12: KRW | C12: KOREAN WON | D12: 16.23 | E12: 18.03 | F12: 19.57 | G12: 18.8
A13: 2026-09-18 23:00:10 | B13: KWD | C13: KUWAITI DINAR | E13: 84186.94 | F13: 88268.79 | G13: 86227.86
A14: 2026-09-18 23:00:10 | B14: MYR | C14: MALAYSIAN RINGGIT | E14: 6309.45 | F14: 6446.82 | G14: 6378.14
A15: 2026-09-18 23:00:10 | B15: NOK | C15: NORWEGIAN KRONER | E15: 2706.4 | F15: 2821.2 | G15: 2763.8
A16: 2026-09-18 23:00:10 | B16: RUB | C16: RUSSIAN RUBLE | E16: 294.35 | F16: 325.84 | G16: 310.1
A17: 2026-09-18 23:00:10 | B17: SAR | C17: SAUDI RIAL | E17: 6887.09 | F17: 7183.59 | G17: 7035.34
A18: 2026-09-18 23:00:10 | B18: SEK | C18: SWEDISH KRONA | E18: 2596.69 | F18: 2706.84 | G18: 2651.77
A19: 2026-09-18 23:00:10 | B19: SGD | C19: SINGAPORE DOLLAR | D19: 19836.08 | E19: 20036.45 | F19: 20719.87 | G19: 20378.16
A20: 2026-09-18 23:00:10 | B20: THB | C20: THAILAND BAHT | D20: 688.51 | E20: 765.01 | F20: 797.46 | G20: 781.24
A21: 2026-09-18 23:00:10 | B21: USD | C21: US DOLLAR | D21: 25800 | E21: 25830 | F21: 26210 | G21: 26020
A22: 2026-09-17 18:00:00 | B22: AUD | C22: AUSTRALIAN DOLLAR | D22: 18035.83 | E22: 18218.01 | F22: 18801.76 | G22: 18509.88
A23: 2026-09-17 18:00:00 | B23: CAD | C23: CANADIAN DOLLAR | D23: 18128.65 | E23: 18311.77 | F23: 18898.52 | G23: 18605.14
A24: 2026-09-17 18:00:00 | B24: CHF | C24: SWISS FRANC | D24: 30718.11 | E24: 31028.4 | F24: 32022.62 | G24: 31525.51
A25: 2026-09-17 18:00:00 | B25: CNY | C25: YUAN RENMINBI | D25: 3780.39 | E25: 3818.58 | F25: 3940.94 | G25: 3879.76
A26: 2026-09-17 18:00:00 | B26: DKK | C26: DANISH KRONE | E26: 3920.38 | F26: 4070.35 | G26: 3995.36
A27: 2026-09-17 18:00:00 | B27: EUR | C27: EURO | D27: 29090.54 | E27: 29384.38 | F27: 30624.71 | G27: 30004.54
A28: 2026-09-17 18:00:00 | B28: GBP | C28: POUND STERLING | D28: 33957.55 | E28: 34300.56 | F28: 35399.63 | G28: 34850.1
A29: 2026-09-17 18:00:00 | B29: HKD | C29: HONGKONG DOLLAR | D29: 3222.6 | E29: 3255.15 | F29: 3379.68 | G29: 3317.42
A30: 2026-09-17 18:00:00 | B30: INR | C30: INDIAN RUPEE | E30: 269.64 | F30: 281.25 | G30: 275.44
A31: 2026-09-17 18:00:00 | B31: JPY | C31: YEN | D31: 161.31 | E31: 162.94 | F31: 172.44 | G31: 167.69
A32: 2026-09-17 18:00:00 | B32: KRW | C32: KOREAN WON | D32: 16.25 | E32: 18.05 | F32: 19.59 | G32: 18.82
A33: 2026-09-17 18:00:00 | B33: KWD | C33: KUWAITI DINAR | E33: 84170.75 | F33: 88251.84 | G33: 86211.3
A34: 2026-09-17 18:00:00 | B34: MYR | C34: MALAYSIAN RINGGIT | E34: 6282.07 | F34: 6418.84 | G34: 6350.46
A35: 2026-09-17 18:00:00 | B35: NOK | C35: NORWEGIAN KRONER | E35: 2706.11 | F35: 2820.89 | G35: 2763.5
A36: 2026-09-17 18:00:00 | B36: RUB | C36: RUSSIAN RUBLE | E36: 293.37 | F36: 324.75 | G36: 309.06
A37: 2026-09-17 18:00:00 | B37: SAR | C37: SAUDI RIAL | E37: 6885.76 | F37: 7182.22 | G37: 7033.99
A38: 2026-09-17 18:00:00 | B38: SEK | C38: SWEDISH KRONA | E38: 2596.33 | F38: 2706.46 | G38: 2651.4
A39: 2026-09-17 18:00:00 | B39: SGD | C39: SINGAPORE DOLLAR | D39: 19855.59 | E39: 20056.15 | F39: 20740.25 | G39: 20398.2
A40: 2026-09-17 18:00:00 | B40: THB | C40: THAILAND BAHT | D40: 687.76 | E40: 764.18 | F40: 796.59 | G40: 780.38
A41: 2026-09-17 18:00:00 | B41: USD | C41: US DOLLAR | D41: 25795 | E41: 25825 | F41: 26205 | G41: 26015
A42: 2026-09-16 23:01:10 | B42: AUD | C42: AUSTRALIAN DOLLAR | D42: 18064.07 | E42: 18246.53 | F42: 18831.23 | G42: 18538.88
A43: 2026-09-16 23:01:10 | B43: CAD | C43: CANADIAN DOLLAR | D43: 18181.41 | E43: 18365.06 | F43: 18953.55 | G43: 18659.3
A44: 2026-09-16 23:01:10 | B44: CHF | C44: SWISS FRANC | D44: 30951.06 | E44: 31263.69 | F44: 32265.51 | G44: 31764.6
A45: 2026-09-16 23:01:10 | B45: CNY | C45: YUAN RENMINBI | D45: 3777.49 | E45: 3815.65 | F45: 3937.92 | G45: 3876.78
A46: 2026-09-16 23:01:10 | B46: DKK | C46: DANISH KRONE | E46: 3943.67 | F46: 4094.54 | G46: 4019.1
A47: 2026-09-16 23:01:10 | B47: EUR | C47: EURO | D47: 29262.63 | E47: 29558.21 | F47: 30805.92 | G47: 30182.06
A48: 2026-09-16 23:01:10 | B48: GBP | C48: POUND STERLING | D48: 34142.69 | E48: 34487.56 | F48: 35592.68 | G48: 35040.12
A49: 2026-09-16 23:01:10 | B49: HKD | C49: HONGKONG DOLLAR | D49: 3219.87 | E49: 3252.39 | F49: 3376.82 | G49: 3314.6
A50: 2026-09-16 23:01:10 | B50: INR | C50: INDIAN RUPEE | E50: 269.34 | F50: 280.94 | G50: 275.14
A51: 2026-09-16 23:01:10 | B51: JPY | C51: YEN | D51: 161.91 | E51: 163.55 | F51: 173.09 | G51: 168.32
A52: 2026-09-16 23:01:10 | B52: KRW | C52: KOREAN WON | D52: 16.46 | E52: 18.29 | F52: 19.85 | G52: 19.07
A53: 2026-09-16 23:01:10 | B53: KWD | C53: KUWAITI DINAR | E53: 84171.97 | F53: 88253.26 | G53: 86212.62
A54: 2026-09-16 23:01:10 | B54: MYR | C54: MALAYSIAN RINGGIT | E54: 6298.32 | F54: 6435.45 | G54: 6366.88
A55: 2026-09-16 23:01:10 | B55: NOK | C55: NORWEGIAN KRONER | E55: 2726.26 | F55: 2841.9 | G55: 2784.08
A56: 2026-09-16 23:01:10 | B56: RUB | C56: RUSSIAN RUBLE | E56: 294.01 | F56: 325.46 | G56: 309.74
A57: 2026-09-16 23:01:10 | B57: SAR | C57: SAUDI RIAL | E57: 6880.42 | F57: 7176.66 | G57: 7028.54
A58: 2026-09-16 23:01:10 | B58: SEK | C58: SWEDISH KRONA | E58: 2606.28 | F58: 2716.84 | G58: 2661.56
A59: 2026-09-16 23:01:10 | B59: SGD | C59: SINGAPORE DOLLAR | D59: 19894.19 | E59: 20095.14 | F59: 20780.6 | G59: 20437.87
A60: 2026-09-16 23:01:10 | B60: THB | C60: THAILAND BAHT | D60: 689.79 | E60: 766.43 | F60: 798.94 | G60: 782.68
A61: 2026-09-16 23:01:10 | B61: USD | C61: US DOLLAR | D61: 25770 | E61: 25800 | F61: 26180 | G61: 25990
A62: 2026-09-15 23:00:08 | B62: AUD | C62: AUSTRALIAN DOLLAR | D62: 17996.43 | E62: 18178.21 | F62: 18760.77 | G62: 18469.49
A63: 2026-09-15 23:00:08 | B63: CAD | C63: CANADIAN DOLLAR | D63: 18189.49 | E63: 18373.23 | F63: 18962.03 | G63: 18667.63
A64: 2026-09-15 23:00:08 | B64: CHF | C64: SWISS FRANC | D64: 30925.48 | E64: 31237.85 | F64: 32238.94 | G64: 31738.39
A65: 2026-09-15 23:00:08 | B65: CNY | C65: YUAN RENMINBI | D65: 3766.46 | E65: 3804.5 | F65: 3926.42 | G65: 3865.46
A66: 2026-09-15 23:00:08 | B66: DKK | C66: DANISH KRONE | E66: 3930.24 | F66: 4080.61 | G66: 4005.42
A67: 2026-09-15 23:00:08 | B67: EUR | C67: EURO | D67: 29163.32 | E67: 29457.9 | F67: 30701.46 | G67: 30079.68
A68: 2026-09-15 23:00:08 | B68: GBP | C68: POUND STERLING | D68: 34049.15 | E68: 34393.08 | F68: 35495.28 | G68: 34944.18
A69: 2026-09-15 23:00:08 | B69: HKD | C69: HONGKONG DOLLAR | D69: 3213.71 | E69: 3246.17 | F69: 3370.37 | G69: 3308.27
A70: 2026-09-15 23:00:08 | B70: INR | C70: INDIAN RUPEE | E70: 268.94 | F70: 280.52 | G70: 274.73
A71: 2026-09-15 23:00:08 | B71: JPY | C71: YEN | D71: 161.66 | E71: 163.29 | F71: 172.82 | G71: 168.06
A72: 2026-09-15 23:00:08 | B72: KRW | C72: KOREAN WON | D72: 16.5 | E72: 18.34 | F72: 19.89 | G72: 19.12
A73: 2026-09-15 23:00:08 | B73: KWD | C73: KUWAITI DINAR | E73: 84009.92 | F73: 88083.6 | G73: 86046.76
A74: 2026-09-15 23:00:08 | B74: MYR | C74: MALAYSIAN RINGGIT | E74: 6290.81 | F74: 6427.8 | G74: 6359.3
A75: 2026-09-15 23:00:08 | B75: NOK | C75: NORWEGIAN KRONER | E75: 2718.27 | F75: 2833.59 | G75: 2775.93
A76: 2026-09-15 23:00:08 | B76: RUB | C76: RUSSIAN RUBLE | E76: 292.34 | F76: 323.62 | G76: 307.98
A77: 2026-09-15 23:00:08 | B77: SAR | C77: SAUDI RIAL | E77: 6866.26 | F77: 7161.91 | G77: 7014.08
A78: 2026-09-15 23:00:08 | B78: SEK | C78: SWEDISH KRONA | E78: 2598.66 | F78: 2708.9 | G78: 2653.78
A79: 2026-09-15 23:00:08 | B79: SGD | C79: SINGAPORE DOLLAR | D79: 19854.33 | E79: 20054.88 | F79: 20739.03 | G79: 20396.96
A80: 2026-09-15 23:00:08 | B80: THB | C80: THAILAND BAHT | D80: 687.63 | E80: 764.03 | F80: 796.45 | G80: 780.24
A81: 2026-09-15 23:00:08 | B81: USD | C81: US DOLLAR | D81: 25720 | E81: 25750 | F81: 26130 | G81: 25940
A82: 2026-09-14 23:00:12 | B82: AUD | C82: AUSTRALIAN DOLLAR | D82: 18074.2 | E82: 18256.77 | F82: 18841.79 | G82: 18549.28
A83: 2026-09-14 23:00:12 | B83: CAD | C83: CANADIAN DOLLAR | D83: 18256.1 | E83: 18440.51 | F83: 19031.42 | G83: 18735.96
A84: 2026-09-14 23:00:12 | B84: CHF | C84: SWISS FRANC | D84: 30951.06 | E84: 31263.69 | F84: 32265.51 | G84: 31764.6
A85: 2026-09-14 23:00:12 | B85: CNY | C85: YUAN RENMINBI | D85: 3776.53 | E85: 3814.68 | F85: 3936.92 | G85: 3875.8
A86: 2026-09-14 23:00:12 | B86: DKK | C86: DANISH KRONE | E86: 3943.36 | F86: 4094.22 | G86: 4018.79
A87: 2026-09-14 23:00:12 | B87: EUR | C87: EURO | D87: 29257.56 | E87: 29553.09 | F87: 30800.59 | G87: 30176.84
A88: 2026-09-14 23:00:12 | B88: GBP | C88: POUND STERLING | D88: 34170.54 | E88: 34515.7 | F88: 35621.72 | G88: 35068.71
A89: 2026-09-14 23:00:12 | B89: HKD | C89: HONGKONG DOLLAR | D89: 3220.2 | E89: 3252.73 | F89: 3377.16 | G89: 3314.94
A90: 2026-09-14 23:00:12 | B90: INR | C90: INDIAN RUPEE | E90: 270.44 | F90: 282.09 | G90: 276.26
A91: 2026-09-14 23:00:12 | B91: JPY | C91: YEN | D91: 162.49 | E91: 164.13 | F91: 173.7 | G91: 168.92
A92: 2026-09-14 23:00:12 | B92: KRW | C92: KOREAN WON | D92: 16.69 | E92: 18.55 | F92: 20.13 | G92: 19.34
A93: 2026-09-14 23:00:12 | B93: KWD | C93: KUWAITI DINAR | E93: 84226.84 | F93: 88310.79 | G93: 86268.82
A94: 2026-09-14 23:00:12 | B94: MYR | C94: MALAYSIAN RINGGIT | E94: 6309.91 | F94: 6447.3 | G94: 6378.6
A95: 2026-09-14 23:00:12 | B95: NOK | C95: NORWEGIAN KRONER | E95: 2738.28 | F95: 2854.43 | G95: 2796.36
A96: 2026-09-14 23:00:12 | B96: RUB | C96: RUSSIAN RUBLE | E96: 294.97 | F96: 326.52 | G96: 310.74
A97: 2026-09-14 23:00:12 | B97: SAR | C97: SAUDI RIAL | E97: 6880.6 | F97: 7176.85 | G97: 7028.72
A98: 2026-09-14 23:00:12 | B98: SEK | C98: SWEDISH KRONA | E98: 2612.78 | F98: 2723.62 | G98: 2668.2
A99: 2026-09-14 23:00:12 | B99: SGD | C99: SINGAPORE DOLLAR | D99: 19928.66 | E99: 20129.96 | F99: 20816.61 | G99: 20473.28
A100: 2026-09-14 23:00:12 | B100: THB | C100: THAILAND BAHT | D100: 690.62 | E100: 767.35 | F100: 799.9 | G100: 783.62
...

Sheet Data_TheoDoi_USD
A1: Ngày Cập Nhật | B1: Ngân Hàng | C1: Mua Tiền Mặt | D1: Mua Chuyển Khoản | E1: Bán
A2: 09/09/2026 | B2: ACB | C2: 24700 | D2: 25710 | E2: 26070
A3: 08/09/2026 | B3: ACB | C3: 24700 | D3: 25790 | E3: 26150
A4: 07/09/2026 | B4: ACB | C4: 24700 | D4: 25830 | E4: 26190
A5: 06/09/2026 | B5: ACB | C5: 24700 | D5: 25860 | E5: 26220
A6: 05/09/2026 | B6: ACB | C6: 24700 | D6: 25860 | E6: 26220
A7: 04/09/2026 | B7: ACB | C7: 24700 | D7: 25860 | E7: 26220
A8: 03/09/2026 | B8: ACB | C8: 24700 | D8: 25910 | E8: 26270
A9: 02/09/2026 | B9: ACB | C9: 24600 | D9: 25890 | E9: 26250
A10: 01/09/2026 | B10: ACB | C10: 24600 | D10: 25890 | E10: 26250
A11: 31/08/2026 | B11: ACB | C11: 24600 | D11: 25890 | E11: 26250
A12: 30/08/2026 | B12: ACB | C12: 24600 | D12: 25890 | E12: 26250
A13: 29/08/2026 | B13: ACB | C13: 24600 | D13: 25890 | E13: 26250
... A3947: 2026-10-30 | B3947: USD | C3947: 25570 | D3947: 25600 | E3947: 25980

Sheet _RateData
A1: Ngày | B1: DateSerial | C1: USD_Name | D1: USD_MuaTM | E1: USD_MuaCK | F1: USD_Ban | G1: EUR_Name | H1: EUR_MuaTM | I1: EUR_MuaCK | J1: EUR_Ban | K1: GBP_Name | L1: GBP_MuaTM | M1: GBP_MuaCK | N1: GBP_Ban | O1: JPY_Name | P1: JPY_MuaTM | Q1: JPY_MuaCK | R1: JPY_Ban | S1: AUD_Name | T1: AUD_MuaTM | U1: AUD_MuaCK | V1: AUD_Ban | W1: CAD_Name | X1: CAD_MuaTM | Y1: CAD_MuaCK | Z1: CAD_Ban | AA1: CHF_Name | AB1: CHF_MuaTM | AC1: CHF_MuaCK | AD1: CHF_Ban | AE1: SGD_Name | AF1: SGD_MuaTM | AG1: SGD_MuaCK | AH1: SGD_Ban | AI1: CNY_Name | AJ1: CNY_MuaTM | AK1: CNY_MuaCK | AL1: CNY_Ban | AM1: HKD_Name | AN1: HKD_MuaTM | AO1: HKD_MuaCK | AP1: HKD_Ban | AQ1: THB_Name | AR1: THB_MuaTM | AS1: THB_MuaCK | AT1: THB_Ban | AU1: KRW_Name | AV1: KRW_MuaTM | AW1: KRW_MuaCK | AX1: KRW_Ban | AY1: MYR_Name | AZ1: MYR_MuaTM | BA1: MYR_MuaCK | BB1: MYR_Ban | BC1: INR_Name | BD1: INR_MuaTM | BE1: INR_MuaCK | BF1: INR_Ban | BG1: KWD_Name | BH1: KWD_MuaTM | BI1: KWD_MuaCK | BJ1: KWD_Ban | BK1: SAR_Name | BL1: SAR_MuaTM | BM1: SAR_MuaCK | BN1: SAR_Ban | BO1: NOK_Name | BP1: NOK_MuaTM | BQ1: NOK_MuaCK | BR1: NOK_Ban | BS1: SEK_Name | BT1: SEK_MuaTM | BU1: SEK_MuaCK | BV1: SEK_Ban | BW1: DKK_Name | BX1: DKK_MuaTM | BY1: DKK_MuaCK | BZ1: DKK_Ban | CA1: RUB_Name | CB1: RUB_MuaTM | CC1: RUB_MuaCK | CD1: RUB_Ban
A2: 01/01/2026 | B2: =IF(ISNUMBER(A2), A2, DATE(RIGHT(A2,4), MID(A2,4,2), LEFT(A2,2))) | C2: US DOLLAR | D2: 26047 | E2: 26077 | F2: 26377 | G2: EURO | H2: 30045.21 | I2: 30348.7 | J2: 31653.29 | K2: POUND STERLING | L2: 34395.91 | M2: 34743.35 | N2: 35883.32 | O2: YEN | P2: 161.9 | Q2: 163.54 | R2: 172.32 | S2: AUSTRALIAN DOLLAR | T2: 17113.45 | U2: 17286.31 | V2: 17853.5 | W2: CANADIAN DOLLAR | X2: 18697.13 | Y2: 18885.99 | Z2: 19505.67 | AA2: SWISS FRANC | AB2: 32290.98 | AC2: 32617.15 | AD2: 33687.36 | AE2: SINGAPORE DOLLAR | AF2: 19894.26 | AG2: 20095.21 | AH2: 20796.12 | AI2: YUAN RENMINBI | AJ2: 3663.11 | AK2: 3700.11 | AL2: 3821.52 | AM2: HONGKONG DOLLAR | AN2: 3281.34 | AO2: 3314.49 | AP2: 3443.85 | AQ2: THAILAND BAHT | AR2: 734.64 | AS2: 816.27 | AT2: 851.53 | AU2: KOREAN WON | AV2: 15.72 | AW2: 17.47 | AX2: 18.97 | AY2: MALAYSIAN RINGGIT | BA2: 6410.26 | BB2: 6554.7 | BC2: INDIAN RUPEE | BE2: 290.86 | BF2: 303.6 | BG2: KUWAITI DINAR | BI2: 84945.88 | BJ2: 89130.91 | BK2: SAUDI RIAL | BM2: 6967.46 | BN2: 7272.84 | BO2: NORWEGIAN KRONER | BQ2: 2557.02 | BR2: 2667.47 | BS2: SWEDISH KRONA | BU2: 2794.58 | BV2: 2915.29 | BW2: DANISH KRONE | BY2: 4053.18 | BZ2: 4211.37 | CA2: RUSSIAN RUBLE | CC2: 313.8 | CD2: 347.62
A3: 02/01/2026 | B3: =IF(ISNUMBER(A3), A3, DATE(RIGHT(A3,4), MID(A3,4,2), LEFT(A3,2))) | C3: US DOLLAR | D3: 26047 | E3: 26077 | F3: 26377 | G3: EURO | H3: 30045.21 | I3: 30348.7 | J3: 31653.29 | K3: POUND STERLING | L3: 34395.91 | M3: 34743.35 | N3: 35883.32 | O3: YEN | P3: 161.9 | Q3: 163.54 | R3: 172.32 | S3: AUSTRALIAN DOLLAR | T3: 17113.45 | U3: 17286.31 | V3: 17853.5 | W3: CANADIAN DOLLAR | X3: 18697.13 | Y3: 18885.99 | Z3: 19505.67 | AA3: SWISS FRANC | AB3: 32290.98 | AC3: 32617.15 | AD3: 33687.36 | AE3: SINGAPORE DOLLAR | AF3: 19894.26 | AG3: 20095.21 | AH3: 20796.12 | AI3: YUAN RENMINBI | AJ3: 3663.11 | AK3: 3700.11 | AL3: 3821.52 | AM3: HONGKONG DOLLAR | AN3: 3281.34 | AO3: 3314.49 | AP3: 3443.85 | AQ3: THAILAND BAHT | AR3: 734.64 | AS3: 816.27 | AT3: 851.53 | AU3: KOREAN WON | AV3: 15.72 | AW3: 17.47 | AX3: 18.97 | AY3: MALAYSIAN RINGGIT | BA3: 6410.26 | BB3: 6554.7 | BC3: INDIAN RUPEE | BE3: 290.86 | BF3: 303.6 | BG3: KUWAITI DINAR | BI3: 84945.88 | BJ3: 89130.91 | BK3: SAUDI RIAL | BM3: 6967.46 | BN3: 7272.84 | BO3: NORWEGIAN KRONER | BQ3: 2557.02 | BR3: 2667.47 | BS3: SWEDISH KRONA | BU3: 2794.58 | BV3: 2915.29 | BW3: DANISH KRONE | BY3: 4053.18 | BZ3: 4211.37 | CA3: RUSSIAN RUBLE | CC3: 313.8 | CD3: 347.62
A4: 03/01/2026 | B4: =IF(ISNUMBER(A4), A4, DATE(RIGHT(A4,4), MID(A4,4,2), LEFT(A4,2))) | C4: US DOLLAR | D4: 26047 | E4: 26077 | F4: 26377 | G4: EURO | H4: 30045.21 | I4: 30348.7 | J4: 31653.29 | K4: POUND STERLING | L4: 34395.91 | M4: 34743.35 | N4: 35883.32 | O4: YEN | P4: 161.9 | Q4: 163.54 | R4: 172.32 | S4: AUSTRALIAN DOLLAR | T4: 17113.45 | U4: 17286.31 | V4: 17853.5 | W4: CANADIAN DOLLAR | X4: 18697.13 | Y4: 18885.99 | Z4: 19505.67 | AA4: SWISS FRANC | AB4: 32290.98 | AC4: 32617.15 | AD4: 33687.36 | AE4: SINGAPORE DOLLAR | AF4: 19894.26 | AG4: 20095.21 | AH4: 20796.12 | AI4: YUAN RENMINBI | AJ4: 3663.11 | AK4: 3700.11 | AL4: 3821.52 | AM4: HONGKONG DOLLAR | AN4: 3281.34 | AO4: 3314.49 | AP4: 3443.85 | AQ4: THAILAND BAHT | AR4: 734.64 | AS4: 816.27 | AT4: 851.53 | AU4: KOREAN WON | AV4: 15.72 | AW4: 17.47 | AX4: 18.97 | AY4: MALAYSIAN RINGGIT | BA4: 6410.26 | BB4: 6554.7 | BC4: INDIAN RUPEE | BE4: 290.86 | BF4: 303.6 | BG4: KUWAITI DINAR | BI4: 84945.88 | BJ4: 89130.91 | BK4: SAUDI RIAL | BM4: 6967.46 | BN4: 7272.84 | BO4: NORWEGIAN KRONER | BQ4: 2557.02 | BR4: 2667.47 | BS4: SWEDISH KRONA | BU4: 2794.58 | BV4: 2915.29 | BW4: DANISH KRONE | BY4: 4053.18 | BZ4: 4211.37 | CA4: RUSSIAN RUBLE | CC4: 313.8 | CD4: 347.62
A5: 04/01/2026 | B5: =IF(ISNUMBER(A5), A5, DATE(RIGHT(A5,4), MID(A5,4,2), LEFT(A5,2))) | C5: US DOLLAR | D5: 26047 | E5: 26077 | F5: 26377 | G5: EURO | H5: 30045.21 | I5: 30348.7 | J5: 31653.29 | K5: POUND STERLING | L5: 34395.91 | M5: 34743.35 | N5: 35883.32 | O5: YEN | P5: 161.9 | Q5: 163.54 | R5: 172.32 | S5: AUSTRALIAN DOLLAR | T5: 17113.45 | U5: 17286.31 | V5: 17853.5 | W5: CANADIAN DOLLAR | X5: 18697.13 | Y5: 18885.99 | Z5: 19505.67 | AA5: SWISS FRANC | AB5: 32290.98 | AC5: 32617.15 | AD5: 33687.36 | AE5: SINGAPORE DOLLAR | AF5: 19894.26 | AG5: 20095.21 | AH5: 20796.12 | AI5: YUAN RENMINBI | AJ5: 3663.11 | AK5: 3700.11 | AL5: 3821.52 | AM5: HONGKONG DOLLAR | AN5: 3281.34 | AO5: 3314.49 | AP5: 3443.85 | AQ5: THAILAND BAHT | AR5: 734.64 | AS5: 816.27 | AT5: 851.53 | AU5: KOREAN WON | AV5: 15.72 | AW5: 17.47 | AX5: 18.97 | AY5: MALAYSIAN RINGGIT | BA5: 6410.26 | BB5: 6554.7 | BC5: INDIAN RUPEE | BE5: 290.86 | BF5: 303.6 | BG5: KUWAITI DINAR | BI5: 84945.88 | BJ5: 89130.91 | BK5: SAUDI RIAL | BM5: 6967.46 | BN5: 7272.84 | BO5: NORWEGIAN KRONER | BQ5: 2557.02 | BR5: 2667.47 | BS5: SWEDISH KRONA | BU5: 2794.58 | BV5: 2915.29 | BW5: DANISH KRONE | BY5: 4053.18 | BZ5: 4211.37 | CA5: RUSSIAN RUBLE | CC5: 313.8 | CD5: 347.62
A6: 05/01/2026 | B6: =IF(ISNUMBER(A6), A6, DATE(RIGHT(A6,4), MID(A6,4,2), LEFT(A6,2))) | C6: US DOLLAR | D6: 26050 | E6: 26080 | F6: 26380 | G6: EURO | H6: 29982.36 | I6: 30285.21 | J6: 31563.05 | K6: POUND STERLING | L6: 34419.26 | M6: 34766.93 | N6: 35880.37 | O6: YEN | P6: 161.4 | Q6: 163.03 | R6: 171.65 | S6: AUSTRALIAN DOLLAR | T6: 17104.6 | U6: 17277.37 | V6: 17830.69 | W6: CANADIAN DOLLAR | X6: 18638.94 | Y6: 18827.22 | Z6: 19430.17 | AA6: SWISS FRANC | AB6: 32323.65 | AC6: 32650.15 | AD6: 33695.8 | AE6: SINGAPORE DOLLAR | AF6: 19878.65 | AG6: 20079.44 | AH6: 20764 | AI6: YUAN RENMINBI | AJ6: 3664.03 | AK6: 3701.04 | AL6: 3819.57 | AM6: HONGKONG DOLLAR | AN6: 3279.27 | AO6: 3312.39 | AP6: 3439.05 | AQ6: THAILAND BAHT | AR6: 736.56 | AS6: 818.4 | AT6: 853.1 | AU6: KOREAN WON | AV6: 15.72 | AW6: 17.46 | AX6: 18.95 | AY6: MALAYSIAN RINGGIT | BA6: 6409.54 | BB6: 6548.98 | BC6: INDIAN RUPEE | BE6: 290.46 | BF6: 302.96 | BG6: KUWAITI DINAR | BI6: 85088.88 | BJ6: 89213.05 | BK6: SAUDI RIAL | BM6: 6969.92 | BN6: 7269.88 | BO6: NORWEGIAN KRONER | BQ6: 2557.71 | BR6: 2666.16 | BS6: SWEDISH KRONA | BU6: 2790.17 | BV6: 2908.47 | BW6: DANISH KRONE | BY6: 4044.24 | BZ6: 4198.89 | CA6: RUSSIAN RUBLE | CC6: 311.59 | CD6: 344.91
A7: 06/01/2026 | B7: =IF(ISNUMBER(A7), A7, DATE(RIGHT(A7,4), MID(A7,4,2), LEFT(A7,2))) | C7: US DOLLAR | D7: 26048 | E7: 26078 | F7: 26378 | G7: EURO | H7: 29990.25 | I7: 30293.18 | J7: 31571.4 | K7: POUND STERLING | L7: 34649.03 | M7: 34999.02 | N7: 36119.94 | O7: YEN | P7: 161.96 | Q7: 163.6 | R7: 172.25 | S7: AUSTRALIAN DOLLAR | T7: 17173.49 | U7: 17346.96 | V7: 17902.53 | W7: CANADIAN DOLLAR | X7: 18592.29 | Y7: 18780.1 | Z7: 19381.57 | AA7: SWISS FRANC | AB7: 32335.75 | AC7: 32662.38 | AD7: 33708.46 | AE7: SINGAPORE DOLLAR | AF7: 19937.83 | AG7: 20139.23 | AH7: 20825.85 | AI7: YUAN RENMINBI | AJ7: 3663.92 | AK7: 3700.93 | AL7: 3819.46 | AM7: HONGKONG DOLLAR | AN7: 3280.1 | AO7: 3313.23 | AP7: 3439.92 | AQ7: THAILAND BAHT | AR7: 739.99 | AS7: 822.21 | AT7: 857.08 | AU7: KOREAN WON | AV7: 15.69 | AW7: 17.43 | AX7: 18.91 | AY7: MALAYSIAN RINGGIT | BA7: 6401.5 | BB7: 6540.78 | BC7: INDIAN RUPEE | BE7: 289.55 | BF7: 302.01 | BG7: KUWAITI DINAR | BI7: 85079.49 | BJ7: 89203.31 | BK7: SAUDI RIAL | BM7: 6966.29 | BN7: 7266.1 | BO7: NORWEGIAN KRONER | BQ7: 2563.79 | BR7: 2672.5 | BS7: SWEDISH KRONA | BU7: 2805.15 | BV7: 2924.1 | BW7: DANISH KRONE | BY7: 4044.46 | BZ7: 4199.12 | CA7: RUSSIAN RUBLE | CC7: 309.21 | CD7: 342.28
A8: 07/01/2026 | B8: =IF(ISNUMBER(A8), A8, DATE(RIGHT(A8,4), MID(A8,4,2), LEFT(A8,2))) | C8: US DOLLAR | D8: 26048 | E8: 26078 | F8: 26378 | G8: EURO | H8: 29935.1 | I8: 30237.47 | J8: 31513.32 | K8: POUND STERLING | L8: 34572.6 | M8: 34921.82 | N8: 36040.24 | O8: YEN | P8: 161.97 | Q8: 163.61 | R8: 172.26 | S8: AUSTRALIAN DOLLAR | T8: 17246.61 | U8: 17420.82 | V8: 17978.75 | W8: CANADIAN DOLLAR | X8: 18537.46 | Y8: 18724.7 | Z8: 19324.39 | AA8: SWISS FRANC | AB8: 32201.66 | AC8: 32526.93 | AD8: 33568.65 | AE8: SINGAPORE DOLLAR | AF8: 19995.31 | AG8: 20197.28 | AH8: 20885.87 | AI8: YUAN RENMINBI | AJ8: 3667.73 | AK8: 3704.77 | AL8: 3823.43 | AM8: HONGKONG DOLLAR | AN8: 3279.45 | AO8: 3312.57 | AP8: 3439.24 | AQ8: THAILAND BAHT | AR8: 742.41 | AS8: 824.9 | AT8: 859.88 | AU8: KOREAN WON | AV8: 15.69 | AW8: 17.43 | AX8: 18.91 | AY8: MALAYSIAN RINGGIT | BA8: 6422.92 | BB8: 6562.66 | BC8: INDIAN RUPEE | BE8: 289.98 | BF8: 302.46 | BG8: KUWAITI DINAR | BI8: 85084.19 | BJ8: 89208.18 | BK8: SAUDI RIAL | BM8: 6967.64 | BN8: 7267.51 | BO8: NORWEGIAN KRONER | BQ8: 2560.83 | BR8: 2669.42 | BS8: SWEDISH KRONA | BU8: 2798.68 | BV8: 2917.35 | BW8: DANISH KRONE | BY8: 4036.44 | BZ8: 4190.79 | CA8: RUSSIAN RUBLE | CC8: 310.69 | CD8: 343.92
A9: 08/01/2026 | B9: =IF(ISNUMBER(A9), A9, DATE(RIGHT(A9,4), MID(A9,4,2), LEFT(A9,2))) | C9: US DOLLAR | D9: 26051 | E9: 26081 | F9: 26381 | G9: EURO | H9: 29887.86 | I9: 30189.76 | J9: 31463.61 | K9: POUND STERLING | L9: 34444.25 | M9: 34792.17 | N9: 35906.46 | O9: YEN | P9: 161.71 | Q9: 163.35 | R9: 171.99 | S9: AUSTRALIAN DOLLAR | T9: 17199.09 | U9: 17372.81 | V9: 17929.21 | W9: CANADIAN DOLLAR | X9: 18476.91 | Y9: 18663.54 | Z9: 19261.28 | AA9: SWISS FRANC | AB9: 32108.66 | AC9: 32432.99 | AD9: 33471.73 | AE9: SINGAPORE DOLLAR | AF9: 19940.94 | AG9: 20142.37 | AH9: 20829.09 | AI9: YUAN RENMINBI | AJ9: 3659.47 | AK9: 3696.43 | AL9: 3814.82 | AM9: HONGKONG DOLLAR | AN9: 3278.33 | AO9: 3311.44 | AP9: 3438.07 | AQ9: THAILAND BAHT | AR9: 738.58 | AS9: 820.64 | AT9: 855.44 | AU9: KOREAN WON | AV9: 15.7 | AW9: 17.44 | AX9: 18.92 | AY9: MALAYSIAN RINGGIT | BA9: 6406.24 | BB9: 6545.61 | BC9: INDIAN RUPEE | BE9: 290.69 | BF9: 303.2 | BG9: KUWAITI DINAR | BI9: 85525.22 | BJ9: 89670.65 | BK9: SAUDI RIAL | BM9: 6965.17 | BN9: 7264.94 | BO9: NORWEGIAN KRONER | BQ9: 2553.69 | BR9: 2661.97 | BS9: SWEDISH KRONA | BU9: 2802.43 | BV9: 2921.26 | BW9: DANISH KRONE | BY9: 4029.67 | BZ9: 4183.76 | CA9: RUSSIAN RUBLE | CC9: 310.58 | CD9: 343.79
A10: 09/01/2026 | B10: =IF(ISNUMBER(A10), A10, DATE(RIGHT(A10,4), MID(A10,4,2), LEFT(A10,2))) | C10: US DOLLAR | D10: 26053 | E10: 26083 | F10: 26383 | G10: EURO | H10: 29828.99 | I10: 30130.29 | J10: 31401.63 | K10: POUND STERLING | L10: 34380.25 | M10: 34727.53 | N10: 35839.75 | O10: YEN | P10: 161.5 | Q10: 163.13 | R10: 171.76 | S10: AUSTRALIAN DOLLAR | T10: 17137.65 | U10: 17310.76 | V10: 17865.17 | W10: CANADIAN DOLLAR | X10: 18463.58 | Y10: 18650.08 | Z10: 19247.39 | AA10: SWISS FRANC | AB10: 32044.37 | AC10: 32368.05 | AD10: 33404.7 | AE10: SINGAPORE DOLLAR | AF10: 19900.61 | AG10: 20101.62 | AH10: 20786.96 | AI10: YUAN RENMINBI | AJ10: 3666.28 | AK10: 3703.31 | AL10: 3821.92 | AM10: HONGKONG DOLLAR | AN10: 3275.59 | AO10: 3308.68 | AP10: 3435.2 | AQ10: THAILAND BAHT | AR10: 736.46 | AS10: 818.29 | AT10: 852.99 | AU10: KOREAN WON | AV10: 15.63 | AW10: 17.37 | AX10: 18.84 | AY10: MALAYSIAN RINGGIT | BA10: 6393.63 | BB10: 6532.73 | BC10: INDIAN RUPEE | BE10: 290.59 | BF10: 303.09 | BG10: KUWAITI DINAR | BI10: 85469.25 | BJ10: 89611.97 | BK10: SAUDI RIAL | BM10: 6965.36 | BN10: 7265.13 | BO10: NORWEGIAN KRONER | BQ10: 2551.11 | BR10: 2659.28 | BS10: SWEDISH KRONA | BU10: 2789.13 | BV10: 2907.39 | BW10: DANISH KRONE | BY10: 4021.81 | BZ10: 4175.61 | CA10: RUSSIAN RUBLE | CC10: 312.11 | CD10: 345.49
A11: 10/01/2026 | B11: =IF(ISNUMBER(A11), A11, DATE(RIGHT(A11,4), MID(A11,4,2), LEFT(A11,2))) | C11: US DOLLAR | D11: 26057 | E11: 26087 | F11: 26387 | G11: EURO | H11: 29788.03 | I11: 30088.92 | J11: 31358.51 | K11: POUND STERLING | L11: 34298.34 | M11: 34644.79 | N11: 35754.36 | O11: YEN | P11: 160.59 | Q11: 162.21 | R11: 170.79 | S11: AUSTRALIAN DOLLAR | T11: 17109.49 | U11: 17282.32 | V11: 17835.82 | W11: CANADIAN DOLLAR | X11: 18402.54 | Y11: 18588.42 | Z11: 19183.75 | AA11: SWISS FRANC | AB11: 31960.36 | AC11: 32283.2 | AD11: 33317.13 | AE11: SINGAPORE DOLLAR | AF11: 19875.86 | AG11: 20076.63 | AH11: 20761.12 | AI11: YUAN RENMINBI | AJ11: 3669.59 | AK11: 3706.65 | AL11: 3825.37 | AM11: HONGKONG DOLLAR | AN11: 3275.17 | AO11: 3308.25 | AP11: 3434.76 | AQ11: THAILAND BAHT | AR11: 739.05 | AS11: 821.16 | AT11: 855.98 | AU11: KOREAN WON | AV11: 15.59 | AW11: 17.32 | AX11: 18.8 | AY11: MALAYSIAN RINGGIT | BA11: 6385.77 | BB11: 6524.71 | BC11: INDIAN RUPEE | BE11: 289.52 | BF11: 301.98 | BG11: KUWAITI DINAR | BI11: 85469.25 | BJ11: 89611.97 | BK11: SAUDI RIAL | BM11: 6965.17 | BN11: 7264.94 | BO11: NORWEGIAN KRONER | BQ11: 2553.79 | BR11: 2662.08 | BS11: SWEDISH KRONA | BU11: 2798.71 | BV11: 2917.39 | BW11: DANISH KRONE | BY11: 4015.68 | BZ11: 4169.23 | CA11: RUSSIAN RUBLE | CC11: 316.47 | CD11: 350.32
A12: 11/01/2026 | B12: =IF(ISNUMBER(A12), A12, DATE(RIGHT(A12,4), MID(A12,4,2), LEFT(A12,2))) | C12: US DOLLAR | D12: 26057 | E12: 26087 | F12: 26387 | G12: EURO | H12: 29788.03 | I12: 30088.92 | J12: 31358.51 | K12: POUND STERLING | L12: 34298.34 | M12: 34644.79 | N12: 35754.36 | O12: YEN | P12: 160.59 | Q12: 162.21 | R12: 170.79 | S12: AUSTRALIAN DOLLAR | T12: 17109.49 | U12: 17282.32 | V12: 17835.82 | W12: CANADIAN DOLLAR | X12: 18402.54 | Y12: 18588.42 | Z12: 19183.75 | AA12: SWISS FRANC | AB12: 31960.36 | AC12: 32283.2 | AD12: 33317.13 | AE12: SINGAPORE DOLLAR | AF12: 19875.86 | AG12: 20076.63 | AH12: 20761.12 | AI12: YUAN RENMINBI | AJ12: 3669.59 | AK12: 3706.65 | AL12: 3825.37 | AM12: HONGKONG DOLLAR | AN12: 3275.17 | AO12: 3308.25 | AP12: 3434.76 | AQ12: THAILAND BAHT | AR12: 739.05 | AS12: 821.16 | AT12: 855.98 | AU12: KOREAN WON | AV12: 15.59 | AW12: 17.32 | AX12: 18.8 | AY12: MALAYSIAN RINGGIT | BA12: 6385.77 | BB12: 6524.71 | BC12: INDIAN RUPEE | BE12: 289.52 | BF12: 301.98 | BG12: KUWAITI DINAR | BI12: 85469.25 | BJ12: 89611.97 | BK12: SAUDI RIAL | BM12: 6965.17 | BN12: 7264.94 | BO12: NORWEGIAN KRONER | BQ12: 2553.79 | BR12: 2662.08 | BS12: SWEDISH KRONA | BU12: 2798.71 | BV12: 2917.39 | BW12: DANISH KRONE | BY12: 4015.68 | BZ12: 4169.23 | CA12: RUSSIAN RUBLE | CC12: 316.47 | CD12: 350.32
A13: 12/01/2026 | B13: =IF(ISNUMBER(A13), A13, DATE(RIGHT(A13,4), MID(A13,4,2), LEFT(A13,2))) | C13: US DOLLAR | D13: 26055 | E13: 26085 | F13: 26385 | G13: EURO | H13: 29841.78 | I13: 30143.22 | J13: 31415.1 | K13: POUND STERLING | L13: 34375.13 | M13: 34722.36 | N13: 35834.41 | O13: YEN | P13: 160.84 | Q13: 162.47 | R13: 171.06 | S13: AUSTRALIAN DOLLAR | T13: 17153.01 | U13: 17326.27 | V13: 17881.18 | W13: CANADIAN DOLLAR | X13: 18433.01 | Y13: 18619.2 | Z13: 19215.52 | AA13: SWISS FRANC | AB13: 32080.5 | AC13: 32404.55 | AD13: 33442.37 | AE13: SINGAPORE DOLLAR | AF13: 19908.35 | AG13: 20109.44 | AH13: 20795.05 | AI13: YUAN RENMINBI | AJ13: 3669.59 | AK13: 3706.65 | AL13: 3825.37 | AM13: HONGKONG DOLLAR | AN13: 3275.3 | AO13: 3308.38 | AP13: 3434.89 | AQ13: THAILAND BAHT | AR13: 741.65 | AS13: 824.06 | AT13: 859 | AU13: KOREAN WON | AV13: 15.57 | AW13: 17.31 | AX13: 18.78 | AY13: MALAYSIAN RINGGIT | BA13: 6385.77 | BB13: 6524.71 | BC13: INDIAN RUPEE | BE13: 289.42 | BF13: 301.88 | BG13: KUWAITI DINAR | BI13: 85413.35 | BJ13: 89553.36 | BK13: SAUDI RIAL | BM13: 6965.17 | BN13: 7264.94 | BO13: NORWEGIAN KRONER | BQ13: 2554.57 | BR13: 2662.89 | BS13: SWEDISH KRONA | BU13: 2801.67 | BV13: 2920.47 | BW13: DANISH KRONE | BY13: 4023.95 | BZ13: 4177.82 | CA13: RUSSIAN RUBLE | CC13: 316.47 | CD13: 350.32
... A258: 18/09/2026 | B258: =IF(ISNUMBER(A258), A258, DATE(RIGHT(A258,4), MID(A258,4,2), LEFT(A258,2))) | C258: US DOLLAR | D258: 25800 | E258: 25830 | F258: 26210 | G258: EURO | H258: 29118.95 | I258: 29413.09 | J258: 30654.61 | K258: POUND STERLING | L258: 33885.49 | M258: 34227.77 | N258: 35324.5 | O258: YEN | P258: 158.98 | Q258: 160.58 | R258: 169.95 | S258: AUSTRALIAN DOLLAR | T258: 18067.19 | U258: 18249.69 | V258: 18834.45 | W258: CANADIAN DOLLAR | X258: 18117.89 | Y258: 18300.9 | Z258: 18887.3 | AA258: SWISS FRANC | AB258: 30753.83 | AC258: 31064.47 | AD258: 32059.85 | AE258: SINGAPORE DOLLAR | AF258: 19836.08 | AG258: 20036.45 | AH258: 20719.87 | AI258: YUAN RENMINBI | AJ258: 3786.37 | AK258: 3824.62 | AL258: 3947.17 | AM258: HONGKONG DOLLAR | AN258: 3223.1 | AO258: 3255.65 | AP258: 3380.2 | AQ258: THAILAND BAHT | AR258: 688.51 | AS258: 765.01 | AT258: 797.46 | AU258: KOREAN WON | AV258: 16.23 | AW258: 18.03 | AX258: 19.57 | AY258: MALAYSIAN RINGGIT | BA258: 6309.45 | BB258: 6446.82 | BC258: INDIAN RUPEE | BE258: 269.9 | BF258: 281.52 | BG258: KUWAITI DINAR | BI258: 84186.94 | BJ258: 88268.79 | BK258: SAUDI RIAL | BM258: 6887.09 | BN258: 7183.59 | BO258: NORWEGIAN KRONER | BQ258: 2706.4 | BR258: 2821.2 | BS258: SWEDISH KRONA | BU258: 2596.69 | BV258: 2706.84 | BW258: DANISH KRONE | BY258: 3924.2 | BZ258: 4074.32 | CA258: RUSSIAN RUBLE | CC258: 294.35 | CD258: 325.84

Sheet _ChartData
A1: Tháng | B1: USD | C1: EUR | D1: GBP | E1: JPY | F1: AUD | G1: CAD | H1: CHF | I1: SGD | J1: CNY | K1: HKD | L1: THB | M1: KRW | N1: MYR | O1: INR | P1: KWD | Q1: SAR | R1: NOK | S1: SEK | T1: DKK | U1: RUB
A2: 2026-01 | B2: 26353.26 | C2: 31553.24 | D2: 35958.36 | E2: 171.55 | F2: 18030.74 | G2: 19337.14 | H2: 33688.03 | I2: 20820.92 | J2: 3822.73 | K2: 3429.5 | L2: 855.1 | M2: 18.77 | N2: 6581.29 | O2: 299.79 | P2: 89389.47 | Q2: 7253.89 | R2: 2688.78 | S2: 2938.99 | T2: 4196.99 | U2: 353.8
A3: 2026-02 | B3: 26175.86 | C3: 31592.1 | D3: 35941.02 | E3: 172.56 | F3: 18619.43 | G3: 19392.34 | H3: 34239.08 | I3: 20895.58 | J3: 3825.34 | K3: 3392.7 | L3: 850.41 | M3: 18.72 | N3: 6718.14 | O3: 297.38 | P3: 88866.3 | Q3: 7194.98 | R3: 2771.14 | S3: 2963.23 | T3: 4202.7 | U3: 356.3
A4: 2026-03 | B4: 26324.68 | C4: 31168.6 | D4: 35624.94 | E4: 170.17 | F4: 18732.23 | G4: 19471.68 | H4: 33958.09 | I4: 20893.28 | J4: 3872.52 | K4: 3421.52 | L4: 832.79 | M4: 18.4 | N4: 6728.23 | O4: 293.99 | P4: 89412.7 | Q4: 7261.96 | R4: 2781.52 | S4: 2882.46 | T4: 4145.41 | U4: 343.75
A5: 2026-04 | B5: 26361.4 | C5: 31564.47 | D5: 35924.43 | E5: 169.9 | F5: 18935.08 | G5: 19430.86 | H5: 33932.85 | I5: 20982.68 | J5: 3911.71 | K5: 3426.23 | L5: 833.19 | M5: 18.5 | N5: 6696.95 | O5: 292.87 | P5: 89572.86 | Q5: 7279.47 | R5: 2842.14 | S5: 2897.98 | T5: 4196.98 | U5: 360.54
A6: 2026-05 | B6: 26381.2 | C6: 31546.78 | D6: 36052.47 | E6: 170.97 | F6: 19188.14 | G6: 19505.32 | H6: 34132.86 | I6: 21007.07 | J6: 3934.33 | K6: 3427.73 | L6: 827.75 | M6: 18.44 | N6: 6745.9 | O6: 285.88 | P6: 89572.15 | Q6: 7281.34 | R6: 2901.1 | S6: 2888.94 | T6: 4194.63 | U6: 379.46
A7: 2026-06 | B7: 26426.96 | C7: 31081.71 | D7: 35622.59 | E7: 168.15 | F7: 18770.91 | G7: 19051.21 | H7: 33462.92 | I7: 20790.48 | J7: 3946.78 | K7: 3422.48 | L7: 817.42 | M7: 17.95 | N7: 6548.97 | O7: 287.73 | P7: 89301.89 | Q7: 7271.48 | R7: 2803.21 | S7: 2825.97 | T7: 4132.3 | U7: 375.68
A8: 2026-07 | B8: 26481.97 | C8: 30812.59 | D8: 35733.72 | E8: 167.22 | F8: 18588.7 | G8: 18930.97 | H8: 33014.75 | I8: 20716.9 | J8: 3943.34 | K8: 3418.24 | L8: 802.15 | M8: 18.36 | N8: 6520.11 | O8: 284.61 | P8: 89101.47 | Q8: 7264.69 | R8: 2767.33 | S8: 2776.2 | T8: 4095.99 | U8: 355.75
A9: 2026-08 | B9: 26350 | C9: 31096.61 | D9: 35968.84 | E9: 169.85 | F9: 18867.04 | G9: 19111.43 | H9: 32928.31 | I9: 20845.93 | J9: 3945.89 | K9: 3399.57 | L9: 809.48 | M9: 19.43 | N9: 6509.71 | O9: 284.23 | P9: 88825.97 | Q9: 7226.41 | R9: 2835.44 | S9: 2809.34 | T9: 4133.44 | U9: 331.85
A10: 2026-09 | B10: 26186.11 | C10: 30914.49 | D10: 35669.84 | E10: 172.45 | F10: 18951.57 | G10: 19067.66 | H10: 32499.77 | I10: 20836.79 | J10: 3936.59 | K10: 3378.66 | L10: 803.94 | M10: 20 | N10: 6475.84 | O10: 283.09 | P10: 88323.04 | Q10: 7180.02 | R10: 2852.61 | S10: 2752.3 | T10: 4109.48 | U10: 321.18
